{
  "best_epoch": 4,
  "peak_cpu_memory_MB": 3296.88,
  "peak_gpu_0_memory_MB": 2165,
  "peak_gpu_1_memory_MB": 18648,
  "peak_gpu_2_memory_MB": 9302,
  "peak_gpu_3_memory_MB": 5475,
  "training_duration": "0:43:33.496476",
  "training_start_epoch": 0,
  "training_epochs": 12,
  "epoch": 12,
  "training_R_at_1": 0.4099251329898834,
  "training_R_at_3": 0.8732786178588867,
  "training_R_at_5": 0.9465605616569519,
  "training_P_at_1": 0.9298848509788513,
  "training_P_at_3": 0.6795689463615417,
  "training_P_at_5": 0.4499146044254303,
  "training_FBeta_at_1": 0.5633347630500793,
  "training_FBeta_at_3": 0.7532263398170471,
  "training_FBeta_at_5": 0.6007653474807739,
  "training_nDCG_at_1": 0.9298848509788513,
  "training_nDCG_at_3": 0.8951908946037292,
  "training_nDCG_at_5": 0.9239240884780884,
  "training_loss": 0.04272894693135932,
  "training_cpu_memory_MB": 3296.88,
  "training_gpu_0_memory_MB": 2165,
  "training_gpu_1_memory_MB": 15608,
  "training_gpu_2_memory_MB": 3837,
  "training_gpu_3_memory_MB": 10,
  "validation_R_at_1": 0.3741595149040222,
  "validation_R_at_3": 0.7898285984992981,
  "validation_R_at_5": 0.881264328956604,
  "validation_P_at_1": 0.8489999771118164,
  "validation_P_at_3": 0.609000027179718,
  "validation_P_at_5": 0.4150000214576721,
  "validation_FBeta_at_1": 0.514288067817688,
  "validation_FBeta_at_3": 0.6782777905464172,
  "validation_FBeta_at_5": 0.5563895106315613,
  "validation_nDCG_at_1": 0.8489999771118164,
  "validation_nDCG_at_3": 0.8081299066543579,
  "validation_nDCG_at_5": 0.8483278155326843,
  "validation_loss": 0.0704269902780652,
  "best_validation_R_at_1": 0.3809095025062561,
  "best_validation_R_at_3": 0.7902690172195435,
  "best_validation_R_at_5": 0.8796786069869995,
  "best_validation_P_at_1": 0.8629999756813049,
  "best_validation_P_at_3": 0.6083332896232605,
  "best_validation_P_at_5": 0.4131999909877777,
  "best_validation_FBeta_at_1": 0.5234214663505554,
  "best_validation_FBeta_at_3": 0.6781666874885559,
  "best_validation_FBeta_at_5": 0.5545061230659485,
  "best_validation_nDCG_at_1": 0.8629999756813049,
  "best_validation_nDCG_at_3": 0.8117682337760925,
  "best_validation_nDCG_at_5": 0.8508455157279968,
  "best_validation_loss": 0.06665588915348053
}