{
  "best_epoch": 4,
  "peak_cpu_memory_MB": 3296.592,
  "peak_gpu_0_memory_MB": 2165,
  "peak_gpu_1_memory_MB": 18648,
  "peak_gpu_2_memory_MB": 9302,
  "peak_gpu_3_memory_MB": 5475,
  "training_duration": "0:25:57.044928",
  "training_start_epoch": 0,
  "training_epochs": 6,
  "epoch": 6,
  "training_R_at_1": 0.3859637379646301,
  "training_R_at_3": 0.8189423084259033,
  "training_R_at_5": 0.9067122340202332,
  "training_P_at_1": 0.8766902089118958,
  "training_P_at_3": 0.634868860244751,
  "training_P_at_5": 0.4288146495819092,
  "training_FBeta_at_1": 0.5305779576301575,
  "training_FBeta_at_3": 0.705016553401947,
  "training_FBeta_at_5": 0.5737451314926147,
  "training_nDCG_at_1": 0.8766902089118958,
  "training_nDCG_at_3": 0.8381738066673279,
  "training_nDCG_at_5": 0.8751873970031738,
  "training_loss": 0.057651053388512334,
  "training_cpu_memory_MB": 3296.592,
  "training_gpu_0_memory_MB": 2165,
  "training_gpu_1_memory_MB": 15608,
  "training_gpu_2_memory_MB": 3837,
  "training_gpu_3_memory_MB": 10,
  "validation_R_at_1": 0.3779928684234619,
  "validation_R_at_3": 0.796585738658905,
  "validation_R_at_5": 0.8823714852333069,
  "validation_P_at_1": 0.8550000190734863,
  "validation_P_at_3": 0.6150000691413879,
  "validation_P_at_5": 0.4146000146865845,
  "validation_FBeta_at_1": 0.5191881656646729,
  "validation_FBeta_at_3": 0.6845619678497314,
  "validation_FBeta_at_5": 0.5563220381736755,
  "validation_nDCG_at_1": 0.8550000190734863,
  "validation_nDCG_at_3": 0.8148108720779419,
  "validation_nDCG_at_5": 0.8514475226402283,
  "validation_loss": 0.0654661855660379,
  "best_validation_R_at_1": 0.3809095025062561,
  "best_validation_R_at_3": 0.7902690172195435,
  "best_validation_R_at_5": 0.8796786069869995,
  "best_validation_P_at_1": 0.8629999756813049,
  "best_validation_P_at_3": 0.6083332896232605,
  "best_validation_P_at_5": 0.4131999909877777,
  "best_validation_FBeta_at_1": 0.5234214663505554,
  "best_validation_FBeta_at_3": 0.6781666874885559,
  "best_validation_FBeta_at_5": 0.5545061230659485,
  "best_validation_nDCG_at_1": 0.8629999756813049,
  "best_validation_nDCG_at_3": 0.8117682337760925,
  "best_validation_nDCG_at_5": 0.8508455157279968,
  "best_validation_loss": 0.06665588915348053
}