{
  "best_epoch": 4,
  "peak_cpu_memory_MB": 3296.88,
  "peak_gpu_0_memory_MB": 2165,
  "peak_gpu_1_memory_MB": 18648,
  "peak_gpu_2_memory_MB": 9302,
  "peak_gpu_3_memory_MB": 5475,
  "training_duration": "0:40:36.923778",
  "training_start_epoch": 0,
  "training_epochs": 11,
  "epoch": 11,
  "training_R_at_1": 0.4070854187011719,
  "training_R_at_3": 0.8661490678787231,
  "training_R_at_5": 0.9409405589103699,
  "training_P_at_1": 0.9236627221107483,
  "training_P_at_3": 0.6735695600509644,
  "training_P_at_5": 0.4469202756881714,
  "training_FBeta_at_1": 0.5594603419303894,
  "training_FBeta_at_3": 0.7468249201774597,
  "training_FBeta_at_5": 0.5969248414039612,
  "training_nDCG_at_1": 0.9236627221107483,
  "training_nDCG_at_3": 0.8877373337745667,
  "training_nDCG_at_5": 0.917354941368103,
  "training_loss": 0.04494022538182005,
  "training_cpu_memory_MB": 3296.88,
  "training_gpu_0_memory_MB": 2165,
  "training_gpu_1_memory_MB": 15608,
  "training_gpu_2_memory_MB": 3837,
  "training_gpu_3_memory_MB": 10,
  "validation_R_at_1": 0.3752428889274597,
  "validation_R_at_3": 0.7905286550521851,
  "validation_R_at_5": 0.8844309449195862,
  "validation_P_at_1": 0.8489999771118164,
  "validation_P_at_3": 0.609000027179718,
  "validation_P_at_5": 0.4163999557495117,
  "validation_FBeta_at_1": 0.5154215097427368,
  "validation_FBeta_at_3": 0.6785848736763,
  "validation_FBeta_at_5": 0.5583180785179138,
  "validation_nDCG_at_1": 0.8489999771118164,
  "validation_nDCG_at_3": 0.809069037437439,
  "validation_nDCG_at_5": 0.8506330847740173,
  "validation_loss": 0.06930509302765131,
  "best_validation_R_at_1": 0.3809095025062561,
  "best_validation_R_at_3": 0.7902690172195435,
  "best_validation_R_at_5": 0.8796786069869995,
  "best_validation_P_at_1": 0.8629999756813049,
  "best_validation_P_at_3": 0.6083332896232605,
  "best_validation_P_at_5": 0.4131999909877777,
  "best_validation_FBeta_at_1": 0.5234214663505554,
  "best_validation_FBeta_at_3": 0.6781666874885559,
  "best_validation_FBeta_at_5": 0.5545061230659485,
  "best_validation_nDCG_at_1": 0.8629999756813049,
  "best_validation_nDCG_at_3": 0.8117682337760925,
  "best_validation_nDCG_at_5": 0.8508455157279968,
  "best_validation_loss": 0.06665588915348053
}