{
  "best_epoch": 0,
  "peak_cpu_memory_MB": 3264.672,
  "peak_gpu_0_memory_MB": 2165,
  "peak_gpu_1_memory_MB": 18648,
  "peak_gpu_2_memory_MB": 6654,
  "peak_gpu_3_memory_MB": 5475,
  "training_duration": "0:04:41.137499",
  "training_start_epoch": 0,
  "training_epochs": 0,
  "epoch": 0,
  "training_R_at_1": 0.29063570499420166,
  "training_R_at_3": 0.6208577156066895,
  "training_R_at_5": 0.7249110341072083,
  "training_P_at_1": 0.6627042889595032,
  "training_P_at_3": 0.48004576563835144,
  "training_P_at_5": 0.34025636315345764,
  "training_FBeta_at_1": 0.39989978075027466,
  "training_FBeta_at_3": 0.533716082572937,
  "training_FBeta_at_5": 0.4565925598144531,
  "training_nDCG_at_1": 0.6627042889595032,
  "training_nDCG_at_3": 0.6334336400032043,
  "training_nDCG_at_5": 0.6804812550544739,
  "training_loss": 0.11646334053572453,
  "training_cpu_memory_MB": 3264.672,
  "training_gpu_0_memory_MB": 2165,
  "training_gpu_1_memory_MB": 18648,
  "training_gpu_2_memory_MB": 6654,
  "training_gpu_3_memory_MB": 5475,
  "validation_R_at_1": 0.3459095358848572,
  "validation_R_at_3": 0.7271190285682678,
  "validation_R_at_5": 0.8222952485084534,
  "validation_P_at_1": 0.7850000262260437,
  "validation_P_at_3": 0.5586667060852051,
  "validation_P_at_5": 0.3832000494003296,
  "validation_FBeta_at_1": 0.4754880964756012,
  "validation_FBeta_at_3": 0.6233682632446289,
  "validation_FBeta_at_5": 0.5158425569534302,
  "validation_nDCG_at_1": 0.7850000262260437,
  "validation_nDCG_at_3": 0.7441073656082153,
  "validation_nDCG_at_5": 0.7860590815544128,
  "validation_loss": 0.08746880199760199,
  "best_validation_R_at_1": 0.3459095358848572,
  "best_validation_R_at_3": 0.7271190285682678,
  "best_validation_R_at_5": 0.8222952485084534,
  "best_validation_P_at_1": 0.7850000262260437,
  "best_validation_P_at_3": 0.5586667060852051,
  "best_validation_P_at_5": 0.3832000494003296,
  "best_validation_FBeta_at_1": 0.4754880964756012,
  "best_validation_FBeta_at_3": 0.6233682632446289,
  "best_validation_FBeta_at_5": 0.5158425569534302,
  "best_validation_nDCG_at_1": 0.7850000262260437,
  "best_validation_nDCG_at_3": 0.7441073656082153,
  "best_validation_nDCG_at_5": 0.7860590815544128,
  "best_validation_loss": 0.08746880199760199
}