{
  "best_epoch": 4,
  "peak_cpu_memory_MB": 3296.88,
  "peak_gpu_0_memory_MB": 2165,
  "peak_gpu_1_memory_MB": 18648,
  "peak_gpu_2_memory_MB": 9302,
  "peak_gpu_3_memory_MB": 5475,
  "training_duration": "0:31:48.242069",
  "training_start_epoch": 0,
  "training_epochs": 8,
  "epoch": 8,
  "training_R_at_1": 0.3943285346031189,
  "training_R_at_3": 0.8378919363021851,
  "training_R_at_5": 0.9227933287620544,
  "training_P_at_1": 0.8950780034065247,
  "training_P_at_3": 0.6503653526306152,
  "training_P_at_5": 0.4372732639312744,
  "training_FBeta_at_1": 0.5419943928718567,
  "training_FBeta_at_3": 0.7217817902565002,
  "training_FBeta_at_5": 0.5846096277236938,
  "training_nDCG_at_1": 0.8950780034065247,
  "training_nDCG_at_3": 0.8578217625617981,
  "training_nDCG_at_5": 0.893202006816864,
  "training_loss": 0.052413614904795576,
  "training_cpu_memory_MB": 3296.88,
  "training_gpu_0_memory_MB": 2165,
  "training_gpu_1_memory_MB": 15608,
  "training_gpu_2_memory_MB": 3837,
  "training_gpu_3_memory_MB": 10,
  "validation_R_at_1": 0.37790951132774353,
  "validation_R_at_3": 0.7920619249343872,
  "validation_R_at_5": 0.884347677230835,
  "validation_P_at_1": 0.8550000190734863,
  "validation_P_at_3": 0.6100000143051147,
  "validation_P_at_5": 0.415800005197525,
  "validation_FBeta_at_1": 0.519088089466095,
  "validation_FBeta_at_3": 0.6797683238983154,
  "validation_FBeta_at_5": 0.5577545762062073,
  "validation_nDCG_at_1": 0.8550000190734863,
  "validation_nDCG_at_3": 0.8116146326065063,
  "validation_nDCG_at_5": 0.8522303700447083,
  "validation_loss": 0.06496748374775052,
  "best_validation_R_at_1": 0.3809095025062561,
  "best_validation_R_at_3": 0.7902690172195435,
  "best_validation_R_at_5": 0.8796786069869995,
  "best_validation_P_at_1": 0.8629999756813049,
  "best_validation_P_at_3": 0.6083332896232605,
  "best_validation_P_at_5": 0.4131999909877777,
  "best_validation_FBeta_at_1": 0.5234214663505554,
  "best_validation_FBeta_at_3": 0.6781666874885559,
  "best_validation_FBeta_at_5": 0.5545061230659485,
  "best_validation_nDCG_at_1": 0.8629999756813049,
  "best_validation_nDCG_at_3": 0.8117682337760925,
  "best_validation_nDCG_at_5": 0.8508455157279968,
  "best_validation_loss": 0.06665588915348053
}