{
  "best_epoch": 4,
  "peak_cpu_memory_MB": 3296.592,
  "peak_gpu_0_memory_MB": 2165,
  "peak_gpu_1_memory_MB": 18648,
  "peak_gpu_2_memory_MB": 9302,
  "peak_gpu_3_memory_MB": 5475,
  "training_duration": "0:23:05.337028",
  "training_start_epoch": 0,
  "training_epochs": 5,
  "epoch": 5,
  "training_R_at_1": 0.3813876211643219,
  "training_R_at_3": 0.8073916435241699,
  "training_R_at_5": 0.8990029692649841,
  "training_P_at_1": 0.8658432364463806,
  "training_P_at_3": 0.6254765391349792,
  "training_P_at_5": 0.4248367249965668,
  "training_FBeta_at_1": 0.5242323875427246,
  "training_FBeta_at_3": 0.6948372721672058,
  "training_FBeta_at_5": 0.5686078071594238,
  "training_nDCG_at_1": 0.8658432364463806,
  "training_nDCG_at_3": 0.8266347646713257,
  "training_nDCG_at_5": 0.8659173846244812,
  "training_loss": 0.06049381957484538,
  "training_cpu_memory_MB": 3296.592,
  "training_gpu_0_memory_MB": 2165,
  "training_gpu_1_memory_MB": 15608,
  "training_gpu_2_memory_MB": 3837,
  "training_gpu_3_memory_MB": 10,
  "validation_R_at_1": 0.38015952706336975,
  "validation_R_at_3": 0.7936619520187378,
  "validation_R_at_5": 0.8797047734260559,
  "validation_P_at_1": 0.8600000143051147,
  "validation_P_at_3": 0.612000048160553,
  "validation_P_at_5": 0.41260001063346863,
  "validation_FBeta_at_1": 0.522188127040863,
  "validation_FBeta_at_3": 0.6816237568855286,
  "validation_FBeta_at_5": 0.5540243983268738,
  "validation_nDCG_at_1": 0.8600000143051147,
  "validation_nDCG_at_3": 0.8134115934371948,
  "validation_nDCG_at_5": 0.8504862785339355,
  "validation_loss": 0.06538979522883892,
  "best_validation_R_at_1": 0.3809095025062561,
  "best_validation_R_at_3": 0.7902690172195435,
  "best_validation_R_at_5": 0.8796786069869995,
  "best_validation_P_at_1": 0.8629999756813049,
  "best_validation_P_at_3": 0.6083332896232605,
  "best_validation_P_at_5": 0.4131999909877777,
  "best_validation_FBeta_at_1": 0.5234214663505554,
  "best_validation_FBeta_at_3": 0.6781666874885559,
  "best_validation_FBeta_at_5": 0.5545061230659485,
  "best_validation_nDCG_at_1": 0.8629999756813049,
  "best_validation_nDCG_at_3": 0.8117682337760925,
  "best_validation_nDCG_at_5": 0.8508455157279968,
  "best_validation_loss": 0.06665588915348053
}