{
  "best_epoch": 4,
  "peak_cpu_memory_MB": 3296.88,
  "peak_gpu_0_memory_MB": 2165,
  "peak_gpu_1_memory_MB": 18648,
  "peak_gpu_2_memory_MB": 9302,
  "peak_gpu_3_memory_MB": 5475,
  "training_duration": "0:55:15.450120",
  "training_start_epoch": 0,
  "training_epochs": 16,
  "epoch": 16,
  "training_R_at_1": 0.4220384657382965,
  "training_R_at_3": 0.9054774641990662,
  "training_R_at_5": 0.9655910730361938,
  "training_P_at_1": 0.9569093585014343,
  "training_P_at_3": 0.7062658071517944,
  "training_P_at_5": 0.4603937268257141,
  "training_FBeta_at_1": 0.5799067616462708,
  "training_FBeta_at_3": 0.7819370627403259,
  "training_FBeta_at_5": 0.6139645576477051,
  "training_nDCG_at_1": 0.9569093585014343,
  "training_nDCG_at_3": 0.9281588196754456,
  "training_nDCG_at_5": 0.9495758414268494,
  "training_loss": 0.03375602236145891,
  "training_cpu_memory_MB": 3296.88,
  "training_gpu_0_memory_MB": 2165,
  "training_gpu_1_memory_MB": 15608,
  "training_gpu_2_memory_MB": 3837,
  "training_gpu_3_memory_MB": 10,
  "validation_R_at_1": 0.37002620100975037,
  "validation_R_at_3": 0.783828616142273,
  "validation_R_at_5": 0.8733381032943726,
  "validation_P_at_1": 0.8420000076293945,
  "validation_P_at_3": 0.6053333878517151,
  "validation_P_at_5": 0.41100001335144043,
  "validation_FBeta_at_1": 0.5089547634124756,
  "validation_FBeta_at_3": 0.6736205816268921,
  "validation_FBeta_at_5": 0.5512259602546692,
  "validation_nDCG_at_1": 0.8420000076293945,
  "validation_nDCG_at_3": 0.8028858304023743,
  "validation_nDCG_at_5": 0.8417655825614929,
  "validation_loss": 0.07846282050013542,
  "best_validation_R_at_1": 0.3809095025062561,
  "best_validation_R_at_3": 0.7902690172195435,
  "best_validation_R_at_5": 0.8796786069869995,
  "best_validation_P_at_1": 0.8629999756813049,
  "best_validation_P_at_3": 0.6083332896232605,
  "best_validation_P_at_5": 0.4131999909877777,
  "best_validation_FBeta_at_1": 0.5234214663505554,
  "best_validation_FBeta_at_3": 0.6781666874885559,
  "best_validation_FBeta_at_5": 0.5545061230659485,
  "best_validation_nDCG_at_1": 0.8629999756813049,
  "best_validation_nDCG_at_3": 0.8117682337760925,
  "best_validation_nDCG_at_5": 0.8508455157279968,
  "best_validation_loss": 0.06665588915348053
}