{
  "best_epoch": 4,
  "peak_cpu_memory_MB": 3296.592,
  "peak_gpu_0_memory_MB": 2165,
  "peak_gpu_1_memory_MB": 18648,
  "peak_gpu_2_memory_MB": 9302,
  "peak_gpu_3_memory_MB": 5475,
  "training_duration": "0:28:55.497208",
  "training_start_epoch": 0,
  "training_epochs": 7,
  "epoch": 7,
  "training_R_at_1": 0.3910556435585022,
  "training_R_at_3": 0.8286453485488892,
  "training_R_at_5": 0.9151495695114136,
  "training_P_at_1": 0.8876857161521912,
  "training_P_at_3": 0.6428490281105042,
  "training_P_at_5": 0.4332021176815033,
  "training_FBeta_at_1": 0.5374982357025146,
  "training_FBeta_at_3": 0.7136136293411255,
  "training_FBeta_at_5": 0.5793930888175964,
  "training_nDCG_at_1": 0.8876857161521912,
  "training_nDCG_at_3": 0.8487696647644043,
  "training_nDCG_at_5": 0.884998083114624,
  "training_loss": 0.05489366010468533,
  "training_cpu_memory_MB": 3296.592,
  "training_gpu_0_memory_MB": 2165,
  "training_gpu_1_memory_MB": 15608,
  "training_gpu_2_memory_MB": 3837,
  "training_gpu_3_memory_MB": 10,
  "validation_R_at_1": 0.37732619047164917,
  "validation_R_at_3": 0.791695237159729,
  "validation_R_at_5": 0.8875143527984619,
  "validation_P_at_1": 0.8519999980926514,
  "validation_P_at_3": 0.6093333959579468,
  "validation_P_at_5": 0.4169999957084656,
  "validation_FBeta_at_1": 0.5180547833442688,
  "validation_FBeta_at_3": 0.6792801022529602,
  "validation_FBeta_at_5": 0.5594847202301025,
  "validation_nDCG_at_1": 0.8519999980926514,
  "validation_nDCG_at_3": 0.8106550574302673,
  "validation_nDCG_at_5": 0.8535844087600708,
  "validation_loss": 0.06504626059904695,
  "best_validation_R_at_1": 0.3809095025062561,
  "best_validation_R_at_3": 0.7902690172195435,
  "best_validation_R_at_5": 0.8796786069869995,
  "best_validation_P_at_1": 0.8629999756813049,
  "best_validation_P_at_3": 0.6083332896232605,
  "best_validation_P_at_5": 0.4131999909877777,
  "best_validation_FBeta_at_1": 0.5234214663505554,
  "best_validation_FBeta_at_3": 0.6781666874885559,
  "best_validation_FBeta_at_5": 0.5545061230659485,
  "best_validation_nDCG_at_1": 0.8629999756813049,
  "best_validation_nDCG_at_3": 0.8117682337760925,
  "best_validation_nDCG_at_5": 0.8508455157279968,
  "best_validation_loss": 0.06665588915348053
}