{
  "best_epoch": 4,
  "peak_cpu_memory_MB": 3296.88,
  "peak_gpu_0_memory_MB": 2165,
  "peak_gpu_1_memory_MB": 18648,
  "peak_gpu_2_memory_MB": 9302,
  "peak_gpu_3_memory_MB": 5475,
  "training_duration": "0:46:26.791622",
  "training_start_epoch": 0,
  "training_epochs": 13,
  "epoch": 13,
  "training_R_at_1": 0.4133394956588745,
  "training_R_at_3": 0.8825994729995728,
  "training_R_at_5": 0.9528144598007202,
  "training_P_at_1": 0.9377971887588501,
  "training_P_at_3": 0.6872459053993225,
  "training_P_at_5": 0.4533730447292328,
  "training_FBeta_at_1": 0.5680421590805054,
  "training_FBeta_at_3": 0.7615092396736145,
  "training_FBeta_at_5": 0.6050961017608643,
  "training_nDCG_at_1": 0.9377971887588501,
  "training_nDCG_at_3": 0.9045346975326538,
  "training_nDCG_at_5": 0.9315640330314636,
  "training_loss": 0.0401864429303133,
  "training_cpu_memory_MB": 3296.88,
  "training_gpu_0_memory_MB": 2165,
  "training_gpu_1_memory_MB": 15608,
  "training_gpu_2_memory_MB": 3837,
  "training_gpu_3_memory_MB": 10,
  "validation_R_at_1": 0.37027618288993835,
  "validation_R_at_3": 0.7866619229316711,
  "validation_R_at_5": 0.8791809678077698,
  "validation_P_at_1": 0.8410000205039978,
  "validation_P_at_3": 0.6060000658035278,
  "validation_P_at_5": 0.41380003094673157,
  "validation_FBeta_at_1": 0.5090547800064087,
  "validation_FBeta_at_3": 0.6753254532814026,
  "validation_FBeta_at_5": 0.5549338459968567,
  "validation_nDCG_at_1": 0.8410000205039978,
  "validation_nDCG_at_3": 0.8034997582435608,
  "validation_nDCG_at_5": 0.8444452881813049,
  "validation_loss": 0.07397511834278703,
  "best_validation_R_at_1": 0.3809095025062561,
  "best_validation_R_at_3": 0.7902690172195435,
  "best_validation_R_at_5": 0.8796786069869995,
  "best_validation_P_at_1": 0.8629999756813049,
  "best_validation_P_at_3": 0.6083332896232605,
  "best_validation_P_at_5": 0.4131999909877777,
  "best_validation_FBeta_at_1": 0.5234214663505554,
  "best_validation_FBeta_at_3": 0.6781666874885559,
  "best_validation_FBeta_at_5": 0.5545061230659485,
  "best_validation_nDCG_at_1": 0.8629999756813049,
  "best_validation_nDCG_at_3": 0.8117682337760925,
  "best_validation_nDCG_at_5": 0.8508455157279968,
  "best_validation_loss": 0.06665588915348053
}