{
  "best_epoch": 4,
  "peak_cpu_memory_MB": 3296.88,
  "peak_gpu_0_memory_MB": 2165,
  "peak_gpu_1_memory_MB": 18648,
  "peak_gpu_2_memory_MB": 9302,
  "peak_gpu_3_memory_MB": 5475,
  "training_duration": "0:37:47.654271",
  "training_start_epoch": 0,
  "training_epochs": 10,
  "epoch": 10,
  "training_R_at_1": 0.4030546545982361,
  "training_R_at_3": 0.8562209606170654,
  "training_R_at_5": 0.9351261854171753,
  "training_P_at_1": 0.9143387675285339,
  "training_P_at_3": 0.6654407382011414,
  "training_P_at_5": 0.4437296986579895,
  "training_FBeta_at_1": 0.553902804851532,
  "training_FBeta_at_3": 0.7380384802818298,
  "training_FBeta_at_5": 0.5929082632064819,
  "training_nDCG_at_1": 0.9143387675285339,
  "training_nDCG_at_3": 0.877549409866333,
  "training_nDCG_at_5": 0.9094371199607849,
  "training_loss": 0.04746054917255377,
  "training_cpu_memory_MB": 3296.88,
  "training_gpu_0_memory_MB": 2165,
  "training_gpu_1_memory_MB": 15608,
  "training_gpu_2_memory_MB": 3837,
  "training_gpu_3_memory_MB": 10,
  "validation_R_at_1": 0.37660953402519226,
  "validation_R_at_3": 0.79436194896698,
  "validation_R_at_5": 0.8845975995063782,
  "validation_P_at_1": 0.8539999723434448,
  "validation_P_at_3": 0.612333357334137,
  "validation_P_at_5": 0.41600000858306885,
  "validation_FBeta_at_1": 0.5175548195838928,
  "validation_FBeta_at_3": 0.6820610761642456,
  "validation_FBeta_at_5": 0.5580489635467529,
  "validation_nDCG_at_1": 0.8539999723434448,
  "validation_nDCG_at_3": 0.8132932186126709,
  "validation_nDCG_at_5": 0.8526068925857544,
  "validation_loss": 0.06791945639997721,
  "best_validation_R_at_1": 0.3809095025062561,
  "best_validation_R_at_3": 0.7902690172195435,
  "best_validation_R_at_5": 0.8796786069869995,
  "best_validation_P_at_1": 0.8629999756813049,
  "best_validation_P_at_3": 0.6083332896232605,
  "best_validation_P_at_5": 0.4131999909877777,
  "best_validation_FBeta_at_1": 0.5234214663505554,
  "best_validation_FBeta_at_3": 0.6781666874885559,
  "best_validation_FBeta_at_5": 0.5545061230659485,
  "best_validation_nDCG_at_1": 0.8629999756813049,
  "best_validation_nDCG_at_3": 0.8117682337760925,
  "best_validation_nDCG_at_5": 0.8508455157279968,
  "best_validation_loss": 0.06665588915348053
}