{
  "best_epoch": 4,
  "peak_cpu_memory_MB": 3296.88,
  "peak_gpu_0_memory_MB": 2165,
  "peak_gpu_1_memory_MB": 18648,
  "peak_gpu_2_memory_MB": 9302,
  "peak_gpu_3_memory_MB": 5475,
  "training_duration": "0:34:39.187483",
  "training_start_epoch": 0,
  "training_epochs": 9,
  "epoch": 9,
  "training_R_at_1": 0.3990474045276642,
  "training_R_at_3": 0.8480580449104309,
  "training_R_at_5": 0.9292443990707397,
  "training_P_at_1": 0.9057763814926147,
  "training_P_at_3": 0.6588597297668457,
  "training_P_at_5": 0.4408060312271118,
  "training_FBeta_at_1": 0.5484668612480164,
  "training_FBeta_at_3": 0.7308478355407715,
  "training_FBeta_at_5": 0.5890688896179199,
  "training_nDCG_at_1": 0.9057763814926147,
  "training_nDCG_at_3": 0.8688454627990723,
  "training_nDCG_at_5": 0.9020401239395142,
  "training_loss": 0.049854652730487024,
  "training_cpu_memory_MB": 3296.88,
  "training_gpu_0_memory_MB": 2165,
  "training_gpu_1_memory_MB": 15608,
  "training_gpu_2_memory_MB": 3837,
  "training_gpu_3_memory_MB": 10,
  "validation_R_at_1": 0.37749284505844116,
  "validation_R_at_3": 0.7957285642623901,
  "validation_R_at_5": 0.8834308981895447,
  "validation_P_at_1": 0.8550000190734863,
  "validation_P_at_3": 0.6140000224113464,
  "validation_P_at_5": 0.4156000018119812,
  "validation_FBeta_at_1": 0.5186547636985779,
  "validation_FBeta_at_3": 0.683549165725708,
  "validation_FBeta_at_5": 0.5573696494102478,
  "validation_nDCG_at_1": 0.8550000190734863,
  "validation_nDCG_at_3": 0.8144385814666748,
  "validation_nDCG_at_5": 0.8523955345153809,
  "validation_loss": 0.06691634654998779,
  "best_validation_R_at_1": 0.3809095025062561,
  "best_validation_R_at_3": 0.7902690172195435,
  "best_validation_R_at_5": 0.8796786069869995,
  "best_validation_P_at_1": 0.8629999756813049,
  "best_validation_P_at_3": 0.6083332896232605,
  "best_validation_P_at_5": 0.4131999909877777,
  "best_validation_FBeta_at_1": 0.5234214663505554,
  "best_validation_FBeta_at_3": 0.6781666874885559,
  "best_validation_FBeta_at_5": 0.5545061230659485,
  "best_validation_nDCG_at_1": 0.8629999756813049,
  "best_validation_nDCG_at_3": 0.8117682337760925,
  "best_validation_nDCG_at_5": 0.8508455157279968,
  "best_validation_loss": 0.06665588915348053
}