{
  "best_epoch": 4,
  "peak_cpu_memory_MB": 3296.88,
  "peak_gpu_0_memory_MB": 2165,
  "peak_gpu_1_memory_MB": 18648,
  "peak_gpu_2_memory_MB": 9302,
  "peak_gpu_3_memory_MB": 5475,
  "training_duration": "1:01:05.870899",
  "training_start_epoch": 0,
  "training_epochs": 18,
  "epoch": 18,
  "training_R_at_1": 0.42649248242378235,
  "training_R_at_3": 0.9193664789199829,
  "training_R_at_5": 0.9733160734176636,
  "training_P_at_1": 0.9669390916824341,
  "training_P_at_3": 0.7180286645889282,
  "training_P_at_5": 0.4647659361362457,
  "training_FBeta_at_1": 0.5860240459442139,
  "training_FBeta_at_3": 0.7944745421409607,
  "training_FBeta_at_5": 0.6194257140159607,
  "training_nDCG_at_1": 0.9669390916824341,
  "training_nDCG_at_3": 0.9420145153999329,
  "training_nDCG_at_5": 0.9600181579589844,
  "training_loss": 0.02976423722742714,
  "training_cpu_memory_MB": 3296.88,
  "training_gpu_0_memory_MB": 2165,
  "training_gpu_1_memory_MB": 15608,
  "training_gpu_2_memory_MB": 3837,
  "training_gpu_3_memory_MB": 10,
  "validation_R_at_1": 0.36974287033081055,
  "validation_R_at_3": 0.7813286185264587,
  "validation_R_at_5": 0.8744975924491882,
  "validation_P_at_1": 0.8389999866485596,
  "validation_P_at_3": 0.6036666631698608,
  "validation_P_at_5": 0.412200003862381,
  "validation_FBeta_at_1": 0.5082547664642334,
  "validation_FBeta_at_3": 0.6716618537902832,
  "validation_FBeta_at_5": 0.552436351776123,
  "validation_nDCG_at_1": 0.8389999866485596,
  "validation_nDCG_at_3": 0.800115704536438,
  "validation_nDCG_at_5": 0.840972900390625,
  "validation_loss": 0.08444629795849323,
  "best_validation_R_at_1": 0.3809095025062561,
  "best_validation_R_at_3": 0.7902690172195435,
  "best_validation_R_at_5": 0.8796786069869995,
  "best_validation_P_at_1": 0.8629999756813049,
  "best_validation_P_at_3": 0.6083332896232605,
  "best_validation_P_at_5": 0.4131999909877777,
  "best_validation_FBeta_at_1": 0.5234214663505554,
  "best_validation_FBeta_at_3": 0.6781666874885559,
  "best_validation_FBeta_at_5": 0.5545061230659485,
  "best_validation_nDCG_at_1": 0.8629999756813049,
  "best_validation_nDCG_at_3": 0.8117682337760925,
  "best_validation_nDCG_at_5": 0.8508455157279968,
  "best_validation_loss": 0.06665588915348053
}