{
  "best_epoch": 4,
  "peak_cpu_memory_MB": 3296.88,
  "peak_gpu_0_memory_MB": 2165,
  "peak_gpu_1_memory_MB": 18648,
  "peak_gpu_2_memory_MB": 9302,
  "peak_gpu_3_memory_MB": 5475,
  "training_duration": "0:58:19.173394",
  "training_start_epoch": 0,
  "training_epochs": 17,
  "epoch": 17,
  "training_R_at_1": 0.42485183477401733,
  "training_R_at_3": 0.9119997024536133,
  "training_R_at_5": 0.9694246053695679,
  "training_P_at_1": 0.9630943536758423,
  "training_P_at_3": 0.7119239568710327,
  "training_P_at_5": 0.46257448196411133,
  "training_FBeta_at_1": 0.5837519764900208,
  "training_FBeta_at_3": 0.7878895998001099,
  "training_FBeta_at_5": 0.6166738271713257,
  "training_nDCG_at_1": 0.9630943536758423,
  "training_nDCG_at_3": 0.9351202845573425,
  "training_nDCG_at_5": 0.9549875855445862,
  "training_loss": 0.03167185192648985,
  "training_cpu_memory_MB": 3296.88,
  "training_gpu_0_memory_MB": 2165,
  "training_gpu_1_memory_MB": 15608,
  "training_gpu_2_memory_MB": 3837,
  "training_gpu_3_memory_MB": 10,
  "validation_R_at_1": 0.36815953254699707,
  "validation_R_at_3": 0.7814119458198547,
  "validation_R_at_5": 0.8713713884353638,
  "validation_P_at_1": 0.8349999785423279,
  "validation_P_at_3": 0.6030000448226929,
  "validation_P_at_5": 0.4097999930381775,
  "validation_FBeta_at_1": 0.5059881210327148,
  "validation_FBeta_at_3": 0.6713095307350159,
  "validation_FBeta_at_5": 0.5497188568115234,
  "validation_nDCG_at_1": 0.8349999785423279,
  "validation_nDCG_at_3": 0.799159586429596,
  "validation_nDCG_at_5": 0.8382352590560913,
  "validation_loss": 0.08359820209443569,
  "best_validation_R_at_1": 0.3809095025062561,
  "best_validation_R_at_3": 0.7902690172195435,
  "best_validation_R_at_5": 0.8796786069869995,
  "best_validation_P_at_1": 0.8629999756813049,
  "best_validation_P_at_3": 0.6083332896232605,
  "best_validation_P_at_5": 0.4131999909877777,
  "best_validation_FBeta_at_1": 0.5234214663505554,
  "best_validation_FBeta_at_3": 0.6781666874885559,
  "best_validation_FBeta_at_5": 0.5545061230659485,
  "best_validation_nDCG_at_1": 0.8629999756813049,
  "best_validation_nDCG_at_3": 0.8117682337760925,
  "best_validation_nDCG_at_5": 0.8508455157279968,
  "best_validation_loss": 0.06665588915348053
}