{
  "best_epoch": 1,
  "peak_cpu_memory_MB": 3294.864,
  "peak_gpu_0_memory_MB": 2165,
  "peak_gpu_1_memory_MB": 18648,
  "peak_gpu_2_memory_MB": 9302,
  "peak_gpu_3_memory_MB": 5475,
  "training_duration": "0:09:11.368323",
  "training_start_epoch": 0,
  "training_epochs": 1,
  "epoch": 1,
  "training_R_at_1": 0.3504938781261444,
  "training_R_at_3": 0.7393280267715454,
  "training_R_at_5": 0.8398127555847168,
  "training_P_at_1": 0.7962667346000671,
  "training_P_at_3": 0.5710625052452087,
  "training_P_at_5": 0.3946618437767029,
  "training_FBeta_at_1": 0.48185232281684875,
  "training_FBeta_at_3": 0.635315477848053,
  "training_FBeta_at_5": 0.5293824076652527,
  "training_nDCG_at_1": 0.7962667346000671,
  "training_nDCG_at_3": 0.7564069032669067,
  "training_nDCG_at_5": 0.800784707069397,
  "training_loss": 0.0787416734332285,
  "training_cpu_memory_MB": 3294.864,
  "training_gpu_0_memory_MB": 2165,
  "training_gpu_1_memory_MB": 18648,
  "training_gpu_2_memory_MB": 9302,
  "training_gpu_3_memory_MB": 5475,
  "validation_R_at_1": 0.3653261661529541,
  "validation_R_at_3": 0.7653523683547974,
  "validation_R_at_5": 0.855311930179596,
  "validation_P_at_1": 0.8289999961853027,
  "validation_P_at_3": 0.5893332958221436,
  "validation_P_at_5": 0.4002000391483307,
  "validation_FBeta_at_1": 0.5021880865097046,
  "validation_FBeta_at_3": 0.6568428874015808,
  "validation_FBeta_at_5": 0.5378703474998474,
  "validation_nDCG_at_1": 0.8289999961853027,
  "validation_nDCG_at_3": 0.7837117910385132,
  "validation_nDCG_at_5": 0.8225268721580505,
  "validation_loss": 0.07801363989710808,
  "best_validation_R_at_1": 0.3653261661529541,
  "best_validation_R_at_3": 0.7653523683547974,
  "best_validation_R_at_5": 0.855311930179596,
  "best_validation_P_at_1": 0.8289999961853027,
  "best_validation_P_at_3": 0.5893332958221436,
  "best_validation_P_at_5": 0.4002000391483307,
  "best_validation_FBeta_at_1": 0.5021880865097046,
  "best_validation_FBeta_at_3": 0.6568428874015808,
  "best_validation_FBeta_at_5": 0.5378703474998474,
  "best_validation_nDCG_at_1": 0.8289999961853027,
  "best_validation_nDCG_at_3": 0.7837117910385132,
  "best_validation_nDCG_at_5": 0.8225268721580505,
  "best_validation_loss": 0.07801363989710808
}