{
  "best_epoch": 4,
  "peak_cpu_memory_MB": 3296.592,
  "peak_gpu_0_memory_MB": 2165,
  "peak_gpu_1_memory_MB": 18648,
  "peak_gpu_2_memory_MB": 9302,
  "peak_gpu_3_memory_MB": 5475,
  "training_duration": "0:19:56.154207",
  "training_start_epoch": 0,
  "training_epochs": 4,
  "epoch": 4,
  "training_R_at_1": 0.37649646401405334,
  "training_R_at_3": 0.796515703201294,
  "training_R_at_5": 0.8895017504692078,
  "training_P_at_1": 0.8549405932426453,
  "training_P_at_3": 0.6168462634086609,
  "training_P_at_5": 0.41992926597595215,
  "training_FBeta_at_1": 0.5175344944000244,
  "training_FBeta_at_3": 0.6853458285331726,
  "training_FBeta_at_5": 0.5622564554214478,
  "training_nDCG_at_1": 0.8549405932426453,
  "training_nDCG_at_3": 0.8153792023658752,
  "training_nDCG_at_5": 0.8553459048271179,
  "training_loss": 0.06349583315240516,
  "training_cpu_memory_MB": 3296.592,
  "training_gpu_0_memory_MB": 2165,
  "training_gpu_1_memory_MB": 15608,
  "training_gpu_2_memory_MB": 3837,
  "training_gpu_3_memory_MB": 10,
  "validation_R_at_1": 0.3809095025062561,
  "validation_R_at_3": 0.7902690172195435,
  "validation_R_at_5": 0.8796786069869995,
  "validation_P_at_1": 0.8629999756813049,
  "validation_P_at_3": 0.6083332896232605,
  "validation_P_at_5": 0.4131999909877777,
  "validation_FBeta_at_1": 0.5234214663505554,
  "validation_FBeta_at_3": 0.6781666874885559,
  "validation_FBeta_at_5": 0.5545061230659485,
  "validation_nDCG_at_1": 0.8629999756813049,
  "validation_nDCG_at_3": 0.8117682337760925,
  "validation_nDCG_at_5": 0.8508455157279968,
  "validation_loss": 0.06665588915348053,
  "best_validation_R_at_1": 0.3809095025062561,
  "best_validation_R_at_3": 0.7902690172195435,
  "best_validation_R_at_5": 0.8796786069869995,
  "best_validation_P_at_1": 0.8629999756813049,
  "best_validation_P_at_3": 0.6083332896232605,
  "best_validation_P_at_5": 0.4131999909877777,
  "best_validation_FBeta_at_1": 0.5234214663505554,
  "best_validation_FBeta_at_3": 0.6781666874885559,
  "best_validation_FBeta_at_5": 0.5545061230659485,
  "best_validation_nDCG_at_1": 0.8629999756813049,
  "best_validation_nDCG_at_3": 0.8117682337760925,
  "best_validation_nDCG_at_5": 0.8508455157279968,
  "best_validation_loss": 0.06665588915348053
}