{
  "best_epoch": 2,
  "peak_cpu_memory_MB": 3296.06,
  "peak_gpu_0_memory_MB": 2165,
  "peak_gpu_1_memory_MB": 18648,
  "peak_gpu_2_memory_MB": 9302,
  "peak_gpu_3_memory_MB": 5475,
  "training_duration": "0:12:39.757079",
  "training_start_epoch": 0,
  "training_epochs": 2,
  "epoch": 2,
  "training_R_at_1": 0.3634475767612457,
  "training_R_at_3": 0.7676737308502197,
  "training_R_at_5": 0.8633081912994385,
  "training_P_at_1": 0.8257057666778564,
  "training_P_at_3": 0.5934684872627258,
  "training_P_at_5": 0.40647128224372864,
  "training_FBeta_at_1": 0.4996640682220459,
  "training_FBeta_at_3": 0.6599566340446472,
  "training_FBeta_at_5": 0.5448256731033325,
  "training_nDCG_at_1": 0.8257057666778564,
  "training_nDCG_at_3": 0.7854822874069214,
  "training_nDCG_at_5": 0.827134370803833,
  "training_loss": 0.07125902302439309,
  "training_cpu_memory_MB": 3296.06,
  "training_gpu_0_memory_MB": 2165,
  "training_gpu_1_memory_MB": 13295,
  "training_gpu_2_memory_MB": 3837,
  "training_gpu_3_memory_MB": 10,
  "validation_R_at_1": 0.3773261606693268,
  "validation_R_at_3": 0.7772690653800964,
  "validation_R_at_5": 0.8642882108688354,
  "validation_P_at_1": 0.8560000061988831,
  "validation_P_at_3": 0.5976666808128357,
  "validation_P_at_5": 0.4052000045776367,
  "validation_FBeta_at_1": 0.5186547040939331,
  "validation_FBeta_at_3": 0.6666238307952881,
  "validation_FBeta_at_5": 0.5441759824752808,
  "validation_nDCG_at_1": 0.8560000061988831,
  "validation_nDCG_at_3": 0.7995555400848389,
  "validation_nDCG_at_5": 0.8377792239189148,
  "validation_loss": 0.07018984854221344,
  "best_validation_R_at_1": 0.3773261606693268,
  "best_validation_R_at_3": 0.7772690653800964,
  "best_validation_R_at_5": 0.8642882108688354,
  "best_validation_P_at_1": 0.8560000061988831,
  "best_validation_P_at_3": 0.5976666808128357,
  "best_validation_P_at_5": 0.4052000045776367,
  "best_validation_FBeta_at_1": 0.5186547040939331,
  "best_validation_FBeta_at_3": 0.6666238307952881,
  "best_validation_FBeta_at_5": 0.5441759824752808,
  "best_validation_nDCG_at_1": 0.8560000061988831,
  "best_validation_nDCG_at_3": 0.7995555400848389,
  "best_validation_nDCG_at_5": 0.8377792239189148,
  "best_validation_loss": 0.07018984854221344
}