{
  "best_epoch": 4,
  "peak_cpu_memory_MB": 3296.88,
  "peak_gpu_0_memory_MB": 2165,
  "peak_gpu_1_memory_MB": 18648,
  "peak_gpu_2_memory_MB": 9302,
  "peak_gpu_3_memory_MB": 5475,
  "training_duration": "0:52:18.486856",
  "training_start_epoch": 0,
  "training_epochs": 15,
  "epoch": 15,
  "training_R_at_1": 0.4194464683532715,
  "training_R_at_3": 0.8978348970413208,
  "training_R_at_5": 0.9614081978797913,
  "training_P_at_1": 0.9512630105018616,
  "training_P_at_3": 0.6999752521514893,
  "training_P_at_5": 0.45810553431510925,
  "training_FBeta_at_1": 0.5763772130012512,
  "training_FBeta_at_3": 0.7751432061195374,
  "training_FBeta_at_5": 0.6110748648643494,
  "training_nDCG_at_1": 0.9512630105018616,
  "training_nDCG_at_3": 0.9205790758132935,
  "training_nDCG_at_5": 0.9439075589179993,
  "training_loss": 0.035930598251999415,
  "training_cpu_memory_MB": 3296.88,
  "training_gpu_0_memory_MB": 2165,
  "training_gpu_1_memory_MB": 15608,
  "training_gpu_2_memory_MB": 3837,
  "training_gpu_3_memory_MB": 10,
  "validation_R_at_1": 0.37052619457244873,
  "validation_R_at_3": 0.7849952578544617,
  "validation_R_at_5": 0.8830142617225647,
  "validation_P_at_1": 0.8410000205039978,
  "validation_P_at_3": 0.6060000061988831,
  "validation_P_at_5": 0.4155999720096588,
  "validation_FBeta_at_1": 0.509321391582489,
  "validation_FBeta_at_3": 0.674601674079895,
  "validation_FBeta_at_5": 0.5573101043701172,
  "validation_nDCG_at_1": 0.8410000205039978,
  "validation_nDCG_at_3": 0.8029159307479858,
  "validation_nDCG_at_5": 0.8463940024375916,
  "validation_loss": 0.07482764823362231,
  "best_validation_R_at_1": 0.3809095025062561,
  "best_validation_R_at_3": 0.7902690172195435,
  "best_validation_R_at_5": 0.8796786069869995,
  "best_validation_P_at_1": 0.8629999756813049,
  "best_validation_P_at_3": 0.6083332896232605,
  "best_validation_P_at_5": 0.4131999909877777,
  "best_validation_FBeta_at_1": 0.5234214663505554,
  "best_validation_FBeta_at_3": 0.6781666874885559,
  "best_validation_FBeta_at_5": 0.5545061230659485,
  "best_validation_nDCG_at_1": 0.8629999756813049,
  "best_validation_nDCG_at_3": 0.8117682337760925,
  "best_validation_nDCG_at_5": 0.8508455157279968,
  "best_validation_loss": 0.06665588915348053
}