{
  "best_epoch": 2,
  "peak_cpu_memory_MB": 3296.1,
  "peak_gpu_0_memory_MB": 2165,
  "peak_gpu_1_memory_MB": 18648,
  "peak_gpu_2_memory_MB": 9302,
  "peak_gpu_3_memory_MB": 5475,
  "training_duration": "0:16:39.050868",
  "training_start_epoch": 0,
  "training_epochs": 3,
  "epoch": 3,
  "training_R_at_1": 0.3707362115383148,
  "training_R_at_3": 0.7836512327194214,
  "training_R_at_5": 0.8781412243843079,
  "training_P_at_1": 0.8420133590698242,
  "training_P_at_3": 0.6062963008880615,
  "training_P_at_5": 0.41403812170028687,
  "training_FBeta_at_1": 0.5096480250358582,
  "training_FBeta_at_3": 0.6739616394042969,
  "training_FBeta_at_5": 0.5546546578407288,
  "training_nDCG_at_1": 0.8420133590698242,
  "training_nDCG_at_3": 0.8020816445350647,
  "training_nDCG_at_5": 0.8429962396621704,
  "training_loss": 0.0668296624072374,
  "training_cpu_memory_MB": 3296.1,
  "training_gpu_0_memory_MB": 2165,
  "training_gpu_1_memory_MB": 15608,
  "training_gpu_2_memory_MB": 3837,
  "training_gpu_3_memory_MB": 10,
  "validation_R_at_1": 0.37765952944755554,
  "validation_R_at_3": 0.7836024165153503,
  "validation_R_at_5": 0.8742380142211914,
  "validation_P_at_1": 0.8550000190734863,
  "validation_P_at_3": 0.6026666760444641,
  "validation_P_at_5": 0.4099999666213989,
  "validation_FBeta_at_1": 0.5188547372817993,
  "validation_FBeta_at_3": 0.6721571087837219,
  "validation_FBeta_at_5": 0.5505425930023193,
  "validation_nDCG_at_1": 0.8550000190734863,
  "validation_nDCG_at_3": 0.8047229051589966,
  "validation_nDCG_at_5": 0.8448930382728577,
  "validation_loss": 0.06823086785152555,
  "best_validation_R_at_1": 0.3773261606693268,
  "best_validation_R_at_3": 0.7772690653800964,
  "best_validation_R_at_5": 0.8642882108688354,
  "best_validation_P_at_1": 0.8560000061988831,
  "best_validation_P_at_3": 0.5976666808128357,
  "best_validation_P_at_5": 0.4052000045776367,
  "best_validation_FBeta_at_1": 0.5186547040939331,
  "best_validation_FBeta_at_3": 0.6666238307952881,
  "best_validation_FBeta_at_5": 0.5441759824752808,
  "best_validation_nDCG_at_1": 0.8560000061988831,
  "best_validation_nDCG_at_3": 0.7995555400848389,
  "best_validation_nDCG_at_5": 0.8377792239189148,
  "best_validation_loss": 0.07018984854221344
}