{
  "best_epoch": 4,
  "peak_cpu_memory_MB": 3296.88,
  "peak_gpu_0_memory_MB": 2165,
  "peak_gpu_1_memory_MB": 18648,
  "peak_gpu_2_memory_MB": 9302,
  "peak_gpu_3_memory_MB": 5475,
  "training_duration": "0:49:27.094857",
  "training_start_epoch": 0,
  "training_epochs": 14,
  "epoch": 14,
  "training_R_at_1": 0.41659486293792725,
  "training_R_at_3": 0.8907182812690735,
  "training_R_at_5": 0.956581175327301,
  "training_P_at_1": 0.9449108242988586,
  "training_P_at_3": 0.6937716007232666,
  "training_P_at_5": 0.455382376909256,
  "training_FBeta_at_1": 0.5724787712097168,
  "training_FBeta_at_3": 0.7686421275138855,
  "training_FBeta_at_5": 0.6076704859733582,
  "training_nDCG_at_1": 0.9449108242988586,
  "training_nDCG_at_3": 0.912999153137207,
  "training_nDCG_at_5": 0.9376988410949707,
  "training_loss": 0.03808659725687566,
  "training_cpu_memory_MB": 3296.88,
  "training_gpu_0_memory_MB": 2165,
  "training_gpu_1_memory_MB": 15608,
  "training_gpu_2_memory_MB": 3837,
  "training_gpu_3_memory_MB": 10,
  "validation_R_at_1": 0.3744428753852844,
  "validation_R_at_3": 0.7837452292442322,
  "validation_R_at_5": 0.8805142641067505,
  "validation_P_at_1": 0.8500000238418579,
  "validation_P_at_3": 0.6046667098999023,
  "validation_P_at_5": 0.4142000079154968,
  "validation_FBeta_at_1": 0.5147214531898499,
  "validation_FBeta_at_3": 0.6732714772224426,
  "validation_FBeta_at_5": 0.5555641055107117,
  "validation_nDCG_at_1": 0.8500000238418579,
  "validation_nDCG_at_3": 0.803747296333313,
  "validation_nDCG_at_5": 0.8469203114509583,
  "validation_loss": 0.07263408415019512,
  "best_validation_R_at_1": 0.3809095025062561,
  "best_validation_R_at_3": 0.7902690172195435,
  "best_validation_R_at_5": 0.8796786069869995,
  "best_validation_P_at_1": 0.8629999756813049,
  "best_validation_P_at_3": 0.6083332896232605,
  "best_validation_P_at_5": 0.4131999909877777,
  "best_validation_FBeta_at_1": 0.5234214663505554,
  "best_validation_FBeta_at_3": 0.6781666874885559,
  "best_validation_FBeta_at_5": 0.5545061230659485,
  "best_validation_nDCG_at_1": 0.8629999756813049,
  "best_validation_nDCG_at_3": 0.8117682337760925,
  "best_validation_nDCG_at_5": 0.8508455157279968,
  "best_validation_loss": 0.06665588915348053
}