{
  "best_epoch": 5,
  "peak_cpu_memory_MB": 3318.752,
  "peak_gpu_0_memory_MB": 2774,
  "peak_gpu_1_memory_MB": 4998,
  "peak_gpu_2_memory_MB": 7080,
  "peak_gpu_3_memory_MB": 11,
  "training_duration": "1:02:00.169123",
  "training_start_epoch": 0,
  "training_epochs": 18,
  "epoch": 18,
  "training_HL": 0.010903018546034891,
  "training_R_at_1": 0.4286006987094879,
  "training_R_at_3": 0.9262193441390991,
  "training_R_at_5": 0.9790529012680054,
  "training_P_at_1": 0.9719910621643066,
  "training_P_at_3": 0.7239787578582764,
  "training_P_at_5": 0.4680350720882416,
  "training_FBeta_at_1": 0.5889564752578735,
  "training_FBeta_at_3": 0.8006855249404907,
  "training_FBeta_at_5": 0.6234781742095947,
  "training_nDCG_at_1": 0.9719910621643066,
  "training_nDCG_at_3": 0.9487078189849854,
  "training_nDCG_at_5": 0.9659284949302673,
  "training_macro_f1": 0.7534698843955994,
  "training_micro_precision": 0.8986632227897644,
  "training_micro_recall": 0.8513713479042053,
  "training_micro_fscore": 0.8743783235549927,
  "training_loss": 0.029504245169230708,
  "training_cpu_memory_MB": 3318.752,
  "training_gpu_0_memory_MB": 2774,
  "training_gpu_1_memory_MB": 4998,
  "training_gpu_2_memory_MB": 7080,
  "training_gpu_3_memory_MB": 11,
  "validation_HL": 0.025055555555555557,
  "validation_R_at_1": 0.3670261800289154,
  "validation_R_at_3": 0.7672023773193359,
  "validation_R_at_5": 0.8529214859008789,
  "validation_P_at_1": 0.8320000171661377,
  "validation_P_at_3": 0.5920000076293945,
  "validation_P_at_5": 0.4012000560760498,
  "validation_FBeta_at_1": 0.5042881369590759,
  "validation_FBeta_at_3": 0.6590856909751892,
  "validation_FBeta_at_5": 0.5380657315254211,
  "validation_nDCG_at_1": 0.8320000171661377,
  "validation_nDCG_at_3": 0.7877116203308105,
  "validation_nDCG_at_5": 0.824415385723114,
  "validation_macro_f1": 0.5073214173316956,
  "validation_micro_precision": 0.7371998429298401,
  "validation_micro_recall": 0.6779166460037231,
  "validation_micro_fscore": 0.7063164114952087,
  "validation_loss": 0.08784476667642593,
  "best_validation_HL": 0.02412962962962963,
  "best_validation_R_at_1": 0.3765595257282257,
  "best_validation_R_at_3": 0.7868452072143555,
  "best_validation_R_at_5": 0.8736214637756348,
  "best_validation_P_at_1": 0.8529999852180481,
  "best_validation_P_at_3": 0.6086666584014893,
  "best_validation_P_at_5": 0.41120001673698425,
  "best_validation_FBeta_at_1": 0.5173547863960266,
  "best_validation_FBeta_at_3": 0.6767643690109253,
  "best_validation_FBeta_at_5": 0.5514086484909058,
  "best_validation_nDCG_at_1": 0.8529999852180481,
  "best_validation_nDCG_at_3": 0.807257890701294,
  "best_validation_nDCG_at_5": 0.8446044921875,
  "best_validation_macro_f1": 0.5652208924293518,
  "best_validation_micro_precision": 0.7369330525398254,
  "best_validation_micro_recall": 0.7108333110809326,
  "best_validation_micro_fscore": 0.723647952079773,
  "best_validation_loss": 0.06960263708606362
}