{
  "best_epoch": 3,
  "peak_cpu_memory_MB": 3318.608,
  "peak_gpu_0_memory_MB": 2774,
  "peak_gpu_1_memory_MB": 11,
  "peak_gpu_2_memory_MB": 7080,
  "peak_gpu_3_memory_MB": 11,
  "training_duration": "0:12:22.566261",
  "training_start_epoch": 0,
  "training_epochs": 3,
  "epoch": 3,
  "training_HL": 0.022534189092510044,
  "training_R_at_1": 0.37712323665618896,
  "training_R_at_3": 0.8006038069725037,
  "training_R_at_5": 0.8928165435791016,
  "training_P_at_1": 0.8572065234184265,
  "training_P_at_3": 0.6206414699554443,
  "training_P_at_5": 0.42190924286842346,
  "training_FBeta_at_1": 0.5185253024101257,
  "training_FBeta_at_3": 0.6892062425613403,
  "training_FBeta_at_5": 0.5646786093711853,
  "training_nDCG_at_1": 0.8572065234184265,
  "training_nDCG_at_3": 0.8192277550697327,
  "training_nDCG_at_5": 0.8586283326148987,
  "training_macro_f1": 0.4347580671310425,
  "training_micro_precision": 0.8137974143028259,
  "training_micro_recall": 0.6410810351371765,
  "training_micro_fscore": 0.7171871662139893,
  "training_loss": 0.06291513407775455,
  "training_cpu_memory_MB": 3318.608,
  "training_gpu_0_memory_MB": 2774,
  "training_gpu_1_memory_MB": 11,
  "training_gpu_2_memory_MB": 7080,
  "training_gpu_3_memory_MB": 11,
  "validation_HL": 0.023851851851851853,
  "validation_R_at_1": 0.3760262131690979,
  "validation_R_at_3": 0.7889452576637268,
  "validation_R_at_5": 0.863014280796051,
  "validation_P_at_1": 0.8500000238418579,
  "validation_P_at_3": 0.6090000867843628,
  "validation_P_at_5": 0.4058000445365906,
  "validation_FBeta_at_1": 0.5164214372634888,
  "validation_FBeta_at_3": 0.6778928637504578,
  "validation_FBeta_at_5": 0.5443411469459534,
  "validation_nDCG_at_1": 0.8500000238418579,
  "validation_nDCG_at_3": 0.8068873286247253,
  "validation_nDCG_at_5": 0.8378778100013733,
  "validation_macro_f1": 0.4378422498703003,
  "validation_micro_precision": 0.7895833253860474,
  "validation_micro_recall": 0.6316666603088379,
  "validation_micro_fscore": 0.7018518447875977,
  "validation_loss": 0.06788539234548807,
  "best_validation_HL": 0.023851851851851853,
  "best_validation_R_at_1": 0.3760262131690979,
  "best_validation_R_at_3": 0.7889452576637268,
  "best_validation_R_at_5": 0.863014280796051,
  "best_validation_P_at_1": 0.8500000238418579,
  "best_validation_P_at_3": 0.6090000867843628,
  "best_validation_P_at_5": 0.4058000445365906,
  "best_validation_FBeta_at_1": 0.5164214372634888,
  "best_validation_FBeta_at_3": 0.6778928637504578,
  "best_validation_FBeta_at_5": 0.5443411469459534,
  "best_validation_nDCG_at_1": 0.8500000238418579,
  "best_validation_nDCG_at_3": 0.8068873286247253,
  "best_validation_nDCG_at_5": 0.8378778100013733,
  "best_validation_macro_f1": 0.4378422498703003,
  "best_validation_micro_precision": 0.7895833253860474,
  "best_validation_micro_recall": 0.6316666603088379,
  "best_validation_micro_fscore": 0.7018518447875977,
  "best_validation_loss": 0.06788539234548807
}