{
  "best_epoch": 5,
  "peak_cpu_memory_MB": 3318.608,
  "peak_gpu_0_memory_MB": 2774,
  "peak_gpu_1_memory_MB": 4998,
  "peak_gpu_2_memory_MB": 7080,
  "peak_gpu_3_memory_MB": 11,
  "training_duration": "0:24:27.571293",
  "training_start_epoch": 0,
  "training_epochs": 6,
  "epoch": 6,
  "training_HL": 0.018808128336360135,
  "training_R_at_1": 0.397881418466568,
  "training_R_at_3": 0.8468406796455383,
  "training_R_at_5": 0.9278994798660278,
  "training_P_at_1": 0.9039190411567688,
  "training_P_at_3": 0.6583951711654663,
  "training_P_at_5": 0.4403306543827057,
  "training_FBeta_at_1": 0.546983003616333,
  "training_FBeta_at_3": 0.7300342917442322,
  "training_FBeta_at_5": 0.5883207321166992,
  "training_nDCG_at_1": 0.9039190411567688,
  "training_nDCG_at_3": 0.8673713207244873,
  "training_nDCG_at_5": 0.9003151059150696,
  "training_macro_f1": 0.536787748336792,
  "training_micro_precision": 0.8402878642082214,
  "training_micro_recall": 0.7136396765708923,
  "training_micro_fscore": 0.7718027830123901,
  "training_loss": 0.05169619179182551,
  "training_cpu_memory_MB": 3318.608,
  "training_gpu_0_memory_MB": 2774,
  "training_gpu_1_memory_MB": 4998,
  "training_gpu_2_memory_MB": 7080,
  "training_gpu_3_memory_MB": 11,
  "validation_HL": 0.02440740740740741,
  "validation_R_at_1": 0.3765595257282257,
  "validation_R_at_3": 0.787511944770813,
  "validation_R_at_5": 0.8726547360420227,
  "validation_P_at_1": 0.8529999852180481,
  "validation_P_at_3": 0.609000027179718,
  "validation_P_at_5": 0.41019999980926514,
  "validation_FBeta_at_1": 0.517388105392456,
  "validation_FBeta_at_3": 0.677230954170227,
  "validation_FBeta_at_5": 0.55031418800354,
  "validation_nDCG_at_1": 0.8529999852180481,
  "validation_nDCG_at_3": 0.8076308369636536,
  "validation_nDCG_at_5": 0.843450665473938,
  "validation_macro_f1": 0.5554083585739136,
  "validation_micro_precision": 0.7358326315879822,
  "validation_micro_recall": 0.70333331823349,
  "validation_micro_fscore": 0.7192160487174988,
  "validation_loss": 0.0698542962782085,
  "best_validation_HL": 0.02412962962962963,
  "best_validation_R_at_1": 0.3765595257282257,
  "best_validation_R_at_3": 0.7868452072143555,
  "best_validation_R_at_5": 0.8736214637756348,
  "best_validation_P_at_1": 0.8529999852180481,
  "best_validation_P_at_3": 0.6086666584014893,
  "best_validation_P_at_5": 0.41120001673698425,
  "best_validation_FBeta_at_1": 0.5173547863960266,
  "best_validation_FBeta_at_3": 0.6767643690109253,
  "best_validation_FBeta_at_5": 0.5514086484909058,
  "best_validation_nDCG_at_1": 0.8529999852180481,
  "best_validation_nDCG_at_3": 0.807257890701294,
  "best_validation_nDCG_at_5": 0.8446044921875,
  "best_validation_macro_f1": 0.5652208924293518,
  "best_validation_micro_precision": 0.7369330525398254,
  "best_validation_micro_recall": 0.7108333110809326,
  "best_validation_micro_fscore": 0.723647952079773,
  "best_validation_loss": 0.06960263708606362
}