{
  "best_epoch": 5,
  "peak_cpu_memory_MB": 3318.752,
  "peak_gpu_0_memory_MB": 2774,
  "peak_gpu_1_memory_MB": 4998,
  "peak_gpu_2_memory_MB": 7080,
  "peak_gpu_3_memory_MB": 11,
  "training_duration": "0:56:13.357751",
  "training_start_epoch": 0,
  "training_epochs": 16,
  "epoch": 16,
  "training_HL": 0.011807275328820649,
  "training_R_at_1": 0.42591485381126404,
  "training_R_at_3": 0.9164387583732605,
  "training_R_at_5": 0.973986804485321,
  "training_P_at_1": 0.9660289883613586,
  "training_P_at_3": 0.7156388759613037,
  "training_P_at_5": 0.4652860760688782,
  "training_FBeta_at_1": 0.5852828025817871,
  "training_FBeta_at_3": 0.7918158173561096,
  "training_FBeta_at_5": 0.6199851632118225,
  "training_nDCG_at_1": 0.9660289883613586,
  "training_nDCG_at_3": 0.9392924308776855,
  "training_nDCG_at_5": 0.9591951370239258,
  "training_macro_f1": 0.7287575006484985,
  "training_micro_precision": 0.892576277256012,
  "training_micro_recall": 0.8356510996818542,
  "training_micro_fscore": 0.863176167011261,
  "training_loss": 0.032069388763744586,
  "training_cpu_memory_MB": 3318.752,
  "training_gpu_0_memory_MB": 2774,
  "training_gpu_1_memory_MB": 4998,
  "training_gpu_2_memory_MB": 7080,
  "training_gpu_3_memory_MB": 11,
  "validation_HL": 0.026074074074074072,
  "validation_R_at_1": 0.36722618341445923,
  "validation_R_at_3": 0.7734452486038208,
  "validation_R_at_5": 0.8545286059379578,
  "validation_P_at_1": 0.8320000171661377,
  "validation_P_at_3": 0.5980000495910645,
  "validation_P_at_5": 0.4020000398159027,
  "validation_FBeta_at_1": 0.5045214891433716,
  "validation_FBeta_at_3": 0.6650643348693848,
  "validation_FBeta_at_5": 0.539176881313324,
  "validation_nDCG_at_1": 0.8320000171661377,
  "validation_nDCG_at_3": 0.7913962602615356,
  "validation_nDCG_at_5": 0.825492799282074,
  "validation_macro_f1": 0.5346871018409729,
  "validation_micro_precision": 0.7132416367530823,
  "validation_micro_recall": 0.6912500262260437,
  "validation_micro_fscore": 0.7020736932754517,
  "validation_loss": 0.08623289130628109,
  "best_validation_HL": 0.02412962962962963,
  "best_validation_R_at_1": 0.3765595257282257,
  "best_validation_R_at_3": 0.7868452072143555,
  "best_validation_R_at_5": 0.8736214637756348,
  "best_validation_P_at_1": 0.8529999852180481,
  "best_validation_P_at_3": 0.6086666584014893,
  "best_validation_P_at_5": 0.41120001673698425,
  "best_validation_FBeta_at_1": 0.5173547863960266,
  "best_validation_FBeta_at_3": 0.6767643690109253,
  "best_validation_FBeta_at_5": 0.5514086484909058,
  "best_validation_nDCG_at_1": 0.8529999852180481,
  "best_validation_nDCG_at_3": 0.807257890701294,
  "best_validation_nDCG_at_5": 0.8446044921875,
  "best_validation_macro_f1": 0.5652208924293518,
  "best_validation_micro_precision": 0.7369330525398254,
  "best_validation_micro_recall": 0.7108333110809326,
  "best_validation_micro_fscore": 0.723647952079773,
  "best_validation_loss": 0.06960263708606362
}