{
  "best_epoch": 5,
  "peak_cpu_memory_MB": 3318.752,
  "peak_gpu_0_memory_MB": 2774,
  "peak_gpu_1_memory_MB": 4998,
  "peak_gpu_2_memory_MB": 7080,
  "peak_gpu_3_memory_MB": 11,
  "training_duration": "0:59:19.767320",
  "training_start_epoch": 0,
  "training_epochs": 17,
  "epoch": 17,
  "training_HL": 0.01127930493643718,
  "training_R_at_1": 0.42743760347366333,
  "training_R_at_3": 0.9222372770309448,
  "training_R_at_5": 0.9765638709068298,
  "training_P_at_1": 0.9693908095359802,
  "training_P_at_3": 0.7204186916351318,
  "training_P_at_5": 0.4665902554988861,
  "training_FBeta_at_1": 0.5873597264289856,
  "training_FBeta_at_3": 0.7969849109649658,
  "training_FBeta_at_5": 0.62169349193573,
  "training_nDCG_at_1": 0.9693908095359802,
  "training_nDCG_at_3": 0.944786787033081,
  "training_nDCG_at_5": 0.962885320186615,
  "training_macro_f1": 0.744226336479187,
  "training_micro_precision": 0.8964616060256958,
  "training_micro_recall": 0.8444566130638123,
  "training_micro_fscore": 0.8696823716163635,
  "training_loss": 0.030557308443368472,
  "training_cpu_memory_MB": 3318.752,
  "training_gpu_0_memory_MB": 2774,
  "training_gpu_1_memory_MB": 4998,
  "training_gpu_2_memory_MB": 7080,
  "training_gpu_3_memory_MB": 11,
  "validation_HL": 0.026314814814814815,
  "validation_R_at_1": 0.36664286255836487,
  "validation_R_at_3": 0.775485634803772,
  "validation_R_at_5": 0.8557547330856323,
  "validation_P_at_1": 0.8309999704360962,
  "validation_P_at_3": 0.5983333587646484,
  "validation_P_at_5": 0.40240001678466797,
  "validation_FBeta_at_1": 0.5037547945976257,
  "validation_FBeta_at_3": 0.6662119030952454,
  "validation_FBeta_at_5": 0.5397641658782959,
  "validation_nDCG_at_1": 0.8309999704360962,
  "validation_nDCG_at_3": 0.7926404476165771,
  "validation_nDCG_at_5": 0.8264321684837341,
  "validation_macro_f1": 0.5267775654792786,
  "validation_micro_precision": 0.7089201807975769,
  "validation_micro_recall": 0.6920833587646484,
  "validation_micro_fscore": 0.7004005312919617,
  "validation_loss": 0.08764519542455673,
  "best_validation_HL": 0.02412962962962963,
  "best_validation_R_at_1": 0.3765595257282257,
  "best_validation_R_at_3": 0.7868452072143555,
  "best_validation_R_at_5": 0.8736214637756348,
  "best_validation_P_at_1": 0.8529999852180481,
  "best_validation_P_at_3": 0.6086666584014893,
  "best_validation_P_at_5": 0.41120001673698425,
  "best_validation_FBeta_at_1": 0.5173547863960266,
  "best_validation_FBeta_at_3": 0.6767643690109253,
  "best_validation_FBeta_at_5": 0.5514086484909058,
  "best_validation_nDCG_at_1": 0.8529999852180481,
  "best_validation_nDCG_at_3": 0.807257890701294,
  "best_validation_nDCG_at_5": 0.8446044921875,
  "best_validation_macro_f1": 0.5652208924293518,
  "best_validation_micro_precision": 0.7369330525398254,
  "best_validation_micro_recall": 0.7108333110809326,
  "best_validation_micro_fscore": 0.723647952079773,
  "best_validation_loss": 0.06960263708606362
}