{
  "best_epoch": 5,
  "peak_cpu_memory_MB": 3318.752,
  "peak_gpu_0_memory_MB": 2774,
  "peak_gpu_1_memory_MB": 4998,
  "peak_gpu_2_memory_MB": 7080,
  "peak_gpu_3_memory_MB": 11,
  "training_duration": "1:05:11.955369",
  "training_start_epoch": 0,
  "training_epochs": 19,
  "epoch": 19,
  "training_HL": 0.010557344119751252,
  "training_R_at_1": 0.4299573004245758,
  "training_R_at_3": 0.9279602766036987,
  "training_R_at_5": 0.9804034233093262,
  "training_P_at_1": 0.974777102470398,
  "training_P_at_3": 0.7253284454345703,
  "training_P_at_5": 0.4687592089176178,
  "training_FBeta_at_1": 0.5907765030860901,
  "training_FBeta_at_3": 0.8021852970123291,
  "training_FBeta_at_5": 0.6244065761566162,
  "training_nDCG_at_1": 0.974777102470398,
  "training_nDCG_at_3": 0.9509633779525757,
  "training_nDCG_at_5": 0.9679932594299316,
  "training_macro_f1": 0.76539546251297,
  "training_micro_precision": 0.9009374380111694,
  "training_micro_recall": 0.8573986291885376,
  "training_micro_fscore": 0.8786290287971497,
  "training_loss": 0.028439159007331537,
  "training_cpu_memory_MB": 3318.752,
  "training_gpu_0_memory_MB": 2774,
  "training_gpu_1_memory_MB": 4998,
  "training_gpu_2_memory_MB": 7080,
  "training_gpu_3_memory_MB": 11,
  "validation_HL": 0.024277777777777777,
  "validation_R_at_1": 0.3646928668022156,
  "validation_R_at_3": 0.7758285999298096,
  "validation_R_at_5": 0.85695481300354,
  "validation_P_at_1": 0.8259999752044678,
  "validation_P_at_3": 0.5976666808128357,
  "validation_P_at_5": 0.4032000005245209,
  "validation_FBeta_at_1": 0.5009881258010864,
  "validation_FBeta_at_3": 0.665861964225769,
  "validation_FBeta_at_5": 0.5406943559646606,
  "validation_nDCG_at_1": 0.8259999752044678,
  "validation_nDCG_at_3": 0.7919915318489075,
  "validation_nDCG_at_5": 0.8262758255004883,
  "validation_macro_f1": 0.5120123028755188,
  "validation_micro_precision": 0.751966655254364,
  "validation_micro_recall": 0.6770833134651184,
  "validation_micro_fscore": 0.7125629782676697,
  "validation_loss": 0.08918554242700338,
  "best_validation_HL": 0.02412962962962963,
  "best_validation_R_at_1": 0.3765595257282257,
  "best_validation_R_at_3": 0.7868452072143555,
  "best_validation_R_at_5": 0.8736214637756348,
  "best_validation_P_at_1": 0.8529999852180481,
  "best_validation_P_at_3": 0.6086666584014893,
  "best_validation_P_at_5": 0.41120001673698425,
  "best_validation_FBeta_at_1": 0.5173547863960266,
  "best_validation_FBeta_at_3": 0.6767643690109253,
  "best_validation_FBeta_at_5": 0.5514086484909058,
  "best_validation_nDCG_at_1": 0.8529999852180481,
  "best_validation_nDCG_at_3": 0.807257890701294,
  "best_validation_nDCG_at_5": 0.8446044921875,
  "best_validation_macro_f1": 0.5652208924293518,
  "best_validation_micro_precision": 0.7369330525398254,
  "best_validation_micro_recall": 0.7108333110809326,
  "best_validation_micro_fscore": 0.723647952079773,
  "best_validation_loss": 0.06960263708606362,
  "test_HL": 0.026851851851851852,
  "test_R_at_1": 0.3594595193862915,
  "test_R_at_3": 0.7721285223960876,
  "test_R_at_5": 0.8691953420639038,
  "test_P_at_1": 0.8220000267028809,
  "test_P_at_3": 0.6000000834465027,
  "test_P_at_5": 0.412600040435791,
  "test_FBeta_at_1": 0.4949024021625519,
  "test_FBeta_at_3": 0.6652523875236511,
  "test_FBeta_at_5": 0.5510892271995544,
  "test_nDCG_at_1": 0.8220000267028809,
  "test_nDCG_at_3": 0.7892555594444275,
  "test_nDCG_at_5": 0.8305892944335938,
  "test_macro_f1": 0.5538704991340637,
  "test_micro_precision": 0.7008688449859619,
  "test_micro_recall": 0.6997108459472656,
  "test_micro_fscore": 0.7002893686294556,
  "test_loss": 0.07389863952994347
}