{
  "best_epoch": 5,
  "peak_cpu_memory_MB": 3318.608,
  "peak_gpu_0_memory_MB": 2774,
  "peak_gpu_1_memory_MB": 4998,
  "peak_gpu_2_memory_MB": 7080,
  "peak_gpu_3_memory_MB": 11,
  "training_duration": "0:49:18.752505",
  "training_start_epoch": 0,
  "training_epochs": 14,
  "epoch": 14,
  "training_HL": 0.013045512079687413,
  "training_R_at_1": 0.4222947657108307,
  "training_R_at_3": 0.9064797163009644,
  "training_R_at_5": 0.969315230846405,
  "training_P_at_1": 0.9580609202384949,
  "training_P_at_3": 0.7073424458503723,
  "training_P_at_5": 0.46251118183135986,
  "training_FBeta_at_1": 0.5803442001342773,
  "training_FBeta_at_3": 0.7829121947288513,
  "training_FBeta_at_5": 0.6165797114372253,
  "training_nDCG_at_1": 0.9580609202384949,
  "training_nDCG_at_3": 0.9291207790374756,
  "training_nDCG_at_5": 0.9518705010414124,
  "training_macro_f1": 0.6996150612831116,
  "training_micro_precision": 0.8818686604499817,
  "training_micro_recall": 0.8166972994804382,
  "training_micro_fscore": 0.8480327129364014,
  "training_loss": 0.035263391583273074,
  "training_cpu_memory_MB": 3318.608,
  "training_gpu_0_memory_MB": 2774,
  "training_gpu_1_memory_MB": 4998,
  "training_gpu_2_memory_MB": 7080,
  "training_gpu_3_memory_MB": 11,
  "validation_HL": 0.026537037037037036,
  "validation_R_at_1": 0.3698928654193878,
  "validation_R_at_3": 0.7772119045257568,
  "validation_R_at_5": 0.8655642867088318,
  "validation_P_at_1": 0.8389999866485596,
  "validation_P_at_3": 0.6006667017936707,
  "validation_P_at_5": 0.40780001878738403,
  "validation_FBeta_at_1": 0.5083214044570923,
  "validation_FBeta_at_3": 0.6681738495826721,
  "validation_FBeta_at_5": 0.5466181039810181,
  "validation_nDCG_at_1": 0.8389999866485596,
  "validation_nDCG_at_3": 0.7965657711029053,
  "validation_nDCG_at_5": 0.8343406319618225,
  "validation_macro_f1": 0.5862200260162354,
  "validation_micro_precision": 0.6907297968864441,
  "validation_micro_recall": 0.7295833230018616,
  "validation_micro_fscore": 0.7096251249313354,
  "validation_loss": 0.08349789399653673,
  "best_validation_HL": 0.02412962962962963,
  "best_validation_R_at_1": 0.3765595257282257,
  "best_validation_R_at_3": 0.7868452072143555,
  "best_validation_R_at_5": 0.8736214637756348,
  "best_validation_P_at_1": 0.8529999852180481,
  "best_validation_P_at_3": 0.6086666584014893,
  "best_validation_P_at_5": 0.41120001673698425,
  "best_validation_FBeta_at_1": 0.5173547863960266,
  "best_validation_FBeta_at_3": 0.6767643690109253,
  "best_validation_FBeta_at_5": 0.5514086484909058,
  "best_validation_nDCG_at_1": 0.8529999852180481,
  "best_validation_nDCG_at_3": 0.807257890701294,
  "best_validation_nDCG_at_5": 0.8446044921875,
  "best_validation_macro_f1": 0.5652208924293518,
  "best_validation_micro_precision": 0.7369330525398254,
  "best_validation_micro_recall": 0.7108333110809326,
  "best_validation_micro_fscore": 0.723647952079773,
  "best_validation_loss": 0.06960263708606362
}