{
  "best_epoch": 5,
  "peak_cpu_memory_MB": 3318.608,
  "peak_gpu_0_memory_MB": 2774,
  "peak_gpu_1_memory_MB": 4998,
  "peak_gpu_2_memory_MB": 7080,
  "peak_gpu_3_memory_MB": 11,
  "training_duration": "0:45:34.808387",
  "training_start_epoch": 0,
  "training_epochs": 13,
  "epoch": 13,
  "training_HL": 0.01354321446260525,
  "training_R_at_1": 0.4207594394683838,
  "training_R_at_3": 0.9021791815757751,
  "training_R_at_5": 0.9659355282783508,
  "training_P_at_1": 0.9546062350273132,
  "training_P_at_3": 0.7036774158477783,
  "training_P_at_5": 0.4606054127216339,
  "training_FBeta_at_1": 0.578240692615509,
  "training_FBeta_at_3": 0.7790088653564453,
  "training_FBeta_at_5": 0.6141989827156067,
  "training_nDCG_at_1": 0.9546062350273132,
  "training_nDCG_at_3": 0.9246209859848022,
  "training_nDCG_at_5": 0.9478598237037659,
  "training_macro_f1": 0.6840379238128662,
  "training_micro_precision": 0.877756655216217,
  "training_micro_recall": 0.808763861656189,
  "training_micro_fscore": 0.8418490290641785,
  "training_loss": 0.03668593252940444,
  "training_cpu_memory_MB": 3318.608,
  "training_gpu_0_memory_MB": 2774,
  "training_gpu_1_memory_MB": 4998,
  "training_gpu_2_memory_MB": 7080,
  "training_gpu_3_memory_MB": 11,
  "validation_HL": 0.026296296296296297,
  "validation_R_at_1": 0.36805951595306396,
  "validation_R_at_3": 0.7792452573776245,
  "validation_R_at_5": 0.865928590297699,
  "validation_P_at_1": 0.8330000042915344,
  "validation_P_at_3": 0.6010000109672546,
  "validation_P_at_5": 0.40720000863075256,
  "validation_FBeta_at_1": 0.5055547952651978,
  "validation_FBeta_at_3": 0.6692429184913635,
  "validation_FBeta_at_5": 0.5462197065353394,
  "validation_nDCG_at_1": 0.8330000042915344,
  "validation_nDCG_at_3": 0.7964392304420471,
  "validation_nDCG_at_5": 0.8337721228599548,
  "validation_macro_f1": 0.576574981212616,
  "validation_micro_precision": 0.694598913192749,
  "validation_micro_recall": 0.7287499904632568,
  "validation_micro_fscore": 0.7112647294998169,
  "validation_loss": 0.08120869565755129,
  "best_validation_HL": 0.02412962962962963,
  "best_validation_R_at_1": 0.3765595257282257,
  "best_validation_R_at_3": 0.7868452072143555,
  "best_validation_R_at_5": 0.8736214637756348,
  "best_validation_P_at_1": 0.8529999852180481,
  "best_validation_P_at_3": 0.6086666584014893,
  "best_validation_P_at_5": 0.41120001673698425,
  "best_validation_FBeta_at_1": 0.5173547863960266,
  "best_validation_FBeta_at_3": 0.6767643690109253,
  "best_validation_FBeta_at_5": 0.5514086484909058,
  "best_validation_nDCG_at_1": 0.8529999852180481,
  "best_validation_nDCG_at_3": 0.807257890701294,
  "best_validation_nDCG_at_5": 0.8446044921875,
  "best_validation_macro_f1": 0.5652208924293518,
  "best_validation_micro_precision": 0.7369330525398254,
  "best_validation_micro_recall": 0.7108333110809326,
  "best_validation_micro_fscore": 0.723647952079773,
  "best_validation_loss": 0.06960263708606362
}