{
  "best_epoch": 0,
  "peak_cpu_memory_MB": 3286.308,
  "peak_gpu_0_memory_MB": 1180,
  "peak_gpu_1_memory_MB": 11,
  "peak_gpu_2_memory_MB": 11,
  "peak_gpu_3_memory_MB": 0,
  "training_duration": "0:02:09.625055",
  "training_start_epoch": 0,
  "training_epochs": 0,
  "epoch": 0,
  "training_HL": 0.035437647900500795,
  "training_R_at_1": 0.24084141850471497,
  "training_R_at_3": 0.5193046927452087,
  "training_R_at_5": 0.6085204482078552,
  "training_P_at_1": 0.5531203746795654,
  "training_P_at_3": 0.40230923891067505,
  "training_P_at_5": 0.2853752374649048,
  "training_FBeta_at_1": 0.3319370746612549,
  "training_FBeta_at_3": 0.44677379727363586,
  "training_FBeta_at_5": 0.38306447863578796,
  "training_nDCG_at_1": 0.5531203746795654,
  "training_nDCG_at_3": 0.5304864048957825,
  "training_nDCG_at_5": 0.5701225399971008,
  "training_macro_f1": 0.08383540064096451,
  "training_micro_precision": 0.7610833644866943,
  "training_micro_recall": 0.2986232340335846,
  "training_micro_fscore": 0.42894360423088074,
  "training_loss": 0.12197654563358447,
  "training_cpu_memory_MB": 3286.308,
  "training_gpu_0_memory_MB": 1180,
  "training_gpu_1_memory_MB": 11,
  "training_gpu_2_memory_MB": 11,
  "training_gpu_3_memory_MB": 0,
  "validation_HL": 0.02861111111111111,
  "validation_R_at_1": 0.33074286580085754,
  "validation_R_at_3": 0.6967285871505737,
  "validation_R_at_5": 0.7964308857917786,
  "validation_P_at_1": 0.7509999871253967,
  "validation_P_at_3": 0.5373333692550659,
  "validation_P_at_5": 0.37320002913475037,
  "validation_FBeta_at_1": 0.45472148060798645,
  "validation_FBeta_at_3": 0.5983976125717163,
  "validation_FBeta_at_5": 0.5012744069099426,
  "validation_nDCG_at_1": 0.7509999871253967,
  "validation_nDCG_at_3": 0.7136343717575073,
  "validation_nDCG_at_5": 0.7586150169372559,
  "validation_macro_f1": 0.24756619334220886,
  "validation_micro_precision": 0.752212405204773,
  "validation_micro_recall": 0.53125,
  "validation_micro_fscore": 0.622710645198822,
  "validation_loss": 0.08699931390583515,
  "best_validation_HL": 0.02861111111111111,
  "best_validation_R_at_1": 0.33074286580085754,
  "best_validation_R_at_3": 0.6967285871505737,
  "best_validation_R_at_5": 0.7964308857917786,
  "best_validation_P_at_1": 0.7509999871253967,
  "best_validation_P_at_3": 0.5373333692550659,
  "best_validation_P_at_5": 0.37320002913475037,
  "best_validation_FBeta_at_1": 0.45472148060798645,
  "best_validation_FBeta_at_3": 0.5983976125717163,
  "best_validation_FBeta_at_5": 0.5012744069099426,
  "best_validation_nDCG_at_1": 0.7509999871253967,
  "best_validation_nDCG_at_3": 0.7136343717575073,
  "best_validation_nDCG_at_5": 0.7586150169372559,
  "best_validation_macro_f1": 0.24756619334220886,
  "best_validation_micro_precision": 0.752212405204773,
  "best_validation_micro_recall": 0.53125,
  "best_validation_micro_fscore": 0.622710645198822,
  "best_validation_loss": 0.08699931390583515
}