{
  "best_epoch": 5,
  "peak_cpu_memory_MB": 3318.608,
  "peak_gpu_0_memory_MB": 2774,
  "peak_gpu_1_memory_MB": 4998,
  "peak_gpu_2_memory_MB": 7080,
  "peak_gpu_3_memory_MB": 11,
  "training_duration": "0:33:58.542383",
  "training_start_epoch": 0,
  "training_epochs": 9,
  "epoch": 9,
  "training_HL": 0.016217805844477465,
  "training_R_at_1": 0.4099138379096985,
  "training_R_at_3": 0.8745680451393127,
  "training_R_at_5": 0.9482311606407166,
  "training_P_at_1": 0.9308135509490967,
  "training_P_at_3": 0.6812282800674438,
  "training_P_at_5": 0.45115891098976135,
  "training_FBeta_at_1": 0.5634570121765137,
  "training_FBeta_at_3": 0.7546302080154419,
  "training_FBeta_at_5": 0.6021409034729004,
  "training_nDCG_at_1": 0.9308135509490967,
  "training_nDCG_at_3": 0.8965065479278564,
  "training_nDCG_at_5": 0.9251816272735596,
  "training_macro_f1": 0.6095011830329895,
  "training_micro_precision": 0.858269214630127,
  "training_micro_recall": 0.7619426250457764,
  "training_micro_fscore": 0.8072424530982971,
  "training_loss": 0.0442221731283744,
  "training_cpu_memory_MB": 3318.608,
  "training_gpu_0_memory_MB": 2774,
  "training_gpu_1_memory_MB": 4998,
  "training_gpu_2_memory_MB": 7080,
  "training_gpu_3_memory_MB": 11,
  "validation_HL": 0.024777777777777777,
  "validation_R_at_1": 0.3714928925037384,
  "validation_R_at_3": 0.7754024267196655,
  "validation_R_at_5": 0.863511860370636,
  "validation_P_at_1": 0.8389999866485596,
  "validation_P_at_3": 0.596333384513855,
  "validation_P_at_5": 0.40560001134872437,
  "validation_FBeta_at_1": 0.5100547671318054,
  "validation_FBeta_at_3": 0.6650499701499939,
  "validation_FBeta_at_5": 0.5443030595779419,
  "validation_nDCG_at_1": 0.8389999866485596,
  "validation_nDCG_at_3": 0.7947500944137573,
  "validation_nDCG_at_5": 0.8334721922874451,
  "validation_macro_f1": 0.5215787887573242,
  "validation_micro_precision": 0.7488284707069397,
  "validation_micro_recall": 0.6658333539962769,
  "validation_micro_fscore": 0.7048963308334351,
  "validation_loss": 0.07635177951306105,
  "best_validation_HL": 0.02412962962962963,
  "best_validation_R_at_1": 0.3765595257282257,
  "best_validation_R_at_3": 0.7868452072143555,
  "best_validation_R_at_5": 0.8736214637756348,
  "best_validation_P_at_1": 0.8529999852180481,
  "best_validation_P_at_3": 0.6086666584014893,
  "best_validation_P_at_5": 0.41120001673698425,
  "best_validation_FBeta_at_1": 0.5173547863960266,
  "best_validation_FBeta_at_3": 0.6767643690109253,
  "best_validation_FBeta_at_5": 0.5514086484909058,
  "best_validation_nDCG_at_1": 0.8529999852180481,
  "best_validation_nDCG_at_3": 0.807257890701294,
  "best_validation_nDCG_at_5": 0.8446044921875,
  "best_validation_macro_f1": 0.5652208924293518,
  "best_validation_micro_precision": 0.7369330525398254,
  "best_validation_micro_recall": 0.7108333110809326,
  "best_validation_micro_fscore": 0.723647952079773,
  "best_validation_loss": 0.06960263708606362
}