{
  "best_epoch": 5,
  "peak_cpu_memory_MB": 3318.608,
  "peak_gpu_0_memory_MB": 2774,
  "peak_gpu_1_memory_MB": 4998,
  "peak_gpu_2_memory_MB": 7080,
  "peak_gpu_3_memory_MB": 11,
  "training_duration": "0:27:48.456618",
  "training_start_epoch": 0,
  "training_epochs": 7,
  "epoch": 7,
  "training_HL": 0.017906967145451543,
  "training_R_at_1": 0.40206384658813477,
  "training_R_at_3": 0.8559505939483643,
  "training_R_at_5": 0.935922384262085,
  "training_P_at_1": 0.9130386114120483,
  "training_P_at_3": 0.6657009124755859,
  "training_P_at_5": 0.4445655047893524,
  "training_FBeta_at_1": 0.5526678562164307,
  "training_FBeta_at_3": 0.7379890084266663,
  "training_FBeta_at_5": 0.593730092048645,
  "training_nDCG_at_1": 0.9130386114120483,
  "training_nDCG_at_3": 0.8772066831588745,
  "training_nDCG_at_5": 0.9095291495323181,
  "training_macro_f1": 0.5612011551856995,
  "training_micro_precision": 0.8461957573890686,
  "training_micro_recall": 0.7311040163040161,
  "training_micro_fscore": 0.784450888633728,
  "training_loss": 0.049088300424771754,
  "training_cpu_memory_MB": 3318.608,
  "training_gpu_0_memory_MB": 2774,
  "training_gpu_1_memory_MB": 4998,
  "training_gpu_2_memory_MB": 7080,
  "training_gpu_3_memory_MB": 11,
  "validation_HL": 0.024925925925925924,
  "validation_R_at_1": 0.3736428916454315,
  "validation_R_at_3": 0.7859285473823547,
  "validation_R_at_5": 0.8716548085212708,
  "validation_P_at_1": 0.8479999899864197,
  "validation_P_at_3": 0.6079999804496765,
  "validation_P_at_5": 0.4099999964237213,
  "validation_FBeta_at_1": 0.5135881304740906,
  "validation_FBeta_at_3": 0.6759262084960938,
  "validation_FBeta_at_5": 0.549881637096405,
  "validation_nDCG_at_1": 0.8479999899864197,
  "validation_nDCG_at_3": 0.8058121204376221,
  "validation_nDCG_at_5": 0.8418862819671631,
  "validation_macro_f1": 0.576559841632843,
  "validation_micro_precision": 0.7242553234100342,
  "validation_micro_recall": 0.7091666460037231,
  "validation_micro_fscore": 0.7166315317153931,
  "validation_loss": 0.07246949523687363,
  "best_validation_HL": 0.02412962962962963,
  "best_validation_R_at_1": 0.3765595257282257,
  "best_validation_R_at_3": 0.7868452072143555,
  "best_validation_R_at_5": 0.8736214637756348,
  "best_validation_P_at_1": 0.8529999852180481,
  "best_validation_P_at_3": 0.6086666584014893,
  "best_validation_P_at_5": 0.41120001673698425,
  "best_validation_FBeta_at_1": 0.5173547863960266,
  "best_validation_FBeta_at_3": 0.6767643690109253,
  "best_validation_FBeta_at_5": 0.5514086484909058,
  "best_validation_nDCG_at_1": 0.8529999852180481,
  "best_validation_nDCG_at_3": 0.807257890701294,
  "best_validation_nDCG_at_5": 0.8446044921875,
  "best_validation_macro_f1": 0.5652208924293518,
  "best_validation_micro_precision": 0.7369330525398254,
  "best_validation_micro_recall": 0.7108333110809326,
  "best_validation_micro_fscore": 0.723647952079773,
  "best_validation_loss": 0.06960263708606362
}