{
  "best_epoch": 4,
  "peak_cpu_memory_MB": 3318.608,
  "peak_gpu_0_memory_MB": 2774,
  "peak_gpu_1_memory_MB": 11,
  "peak_gpu_2_memory_MB": 7080,
  "peak_gpu_3_memory_MB": 11,
  "training_duration": "0:15:15.222323",
  "training_start_epoch": 0,
  "training_epochs": 4,
  "epoch": 4,
  "training_HL": 0.021104369599911948,
  "training_R_at_1": 0.38604310154914856,
  "training_R_at_3": 0.8184478282928467,
  "training_R_at_5": 0.9063721895217896,
  "training_P_at_1": 0.8774517178535461,
  "training_P_at_3": 0.6351285576820374,
  "training_P_at_5": 0.4289412498474121,
  "training_FBeta_at_1": 0.5307796597480774,
  "training_FBeta_at_3": 0.7049024701118469,
  "training_FBeta_at_5": 0.5737422704696655,
  "training_nDCG_at_1": 0.8774517178535461,
  "training_nDCG_at_3": 0.8382686972618103,
  "training_nDCG_at_5": 0.8751821517944336,
  "training_macro_f1": 0.4723389446735382,
  "training_micro_precision": 0.8244677782058716,
  "training_micro_recall": 0.6688867211341858,
  "training_micro_fscore": 0.7385727763175964,
  "training_loss": 0.05868095612582572,
  "training_cpu_memory_MB": 3318.608,
  "training_gpu_0_memory_MB": 2774,
  "training_gpu_1_memory_MB": 11,
  "training_gpu_2_memory_MB": 7080,
  "training_gpu_3_memory_MB": 11,
  "validation_HL": 0.025611111111111112,
  "validation_R_at_1": 0.37177619338035583,
  "validation_R_at_3": 0.7838453054428101,
  "validation_R_at_5": 0.8688452243804932,
  "validation_P_at_1": 0.8410000205039978,
  "validation_P_at_3": 0.6053333878517151,
  "validation_P_at_5": 0.40800002217292786,
  "validation_FBeta_at_1": 0.5106548070907593,
  "validation_FBeta_at_3": 0.673621416091919,
  "validation_FBeta_at_5": 0.5475815534591675,
  "validation_nDCG_at_1": 0.8410000205039978,
  "validation_nDCG_at_3": 0.8025278449058533,
  "validation_nDCG_at_5": 0.8387578129768372,
  "validation_macro_f1": 0.5715931057929993,
  "validation_micro_precision": 0.7144664525985718,
  "validation_micro_recall": 0.7058333158493042,
  "validation_micro_fscore": 0.7101236581802368,
  "validation_loss": 0.07138262176886201,
  "best_validation_HL": 0.025611111111111112,
  "best_validation_R_at_1": 0.37177619338035583,
  "best_validation_R_at_3": 0.7838453054428101,
  "best_validation_R_at_5": 0.8688452243804932,
  "best_validation_P_at_1": 0.8410000205039978,
  "best_validation_P_at_3": 0.6053333878517151,
  "best_validation_P_at_5": 0.40800002217292786,
  "best_validation_FBeta_at_1": 0.5106548070907593,
  "best_validation_FBeta_at_3": 0.673621416091919,
  "best_validation_FBeta_at_5": 0.5475815534591675,
  "best_validation_nDCG_at_1": 0.8410000205039978,
  "best_validation_nDCG_at_3": 0.8025278449058533,
  "best_validation_nDCG_at_5": 0.8387578129768372,
  "best_validation_macro_f1": 0.5715931057929993,
  "best_validation_micro_precision": 0.7144664525985718,
  "best_validation_micro_recall": 0.7058333158493042,
  "best_validation_micro_fscore": 0.7101236581802368,
  "best_validation_loss": 0.07138262176886201
}