{
  "best_epoch": 5,
  "peak_cpu_memory_MB": 3318.608,
  "peak_gpu_0_memory_MB": 2774,
  "peak_gpu_1_memory_MB": 4998,
  "peak_gpu_2_memory_MB": 7080,
  "peak_gpu_3_memory_MB": 11,
  "training_duration": "0:36:52.517509",
  "training_start_epoch": 0,
  "training_epochs": 10,
  "epoch": 10,
  "training_HL": 0.015470392383468163,
  "training_R_at_1": 0.41319283843040466,
  "training_R_at_3": 0.8829968571662903,
  "training_R_at_5": 0.9545913934707642,
  "training_P_at_1": 0.9380571842193604,
  "training_P_at_3": 0.6879642009735107,
  "training_P_at_5": 0.4544871747493744,
  "training_FBeta_at_1": 0.5679346919059753,
  "training_FBeta_at_3": 0.7620093822479248,
  "training_FBeta_at_5": 0.6064168214797974,
  "training_nDCG_at_1": 0.9380571842193604,
  "training_nDCG_at_3": 0.9048358798027039,
  "training_nDCG_at_5": 0.9324117302894592,
  "training_macro_f1": 0.6335822939872742,
  "training_micro_precision": 0.8631150722503662,
  "training_micro_recall": 0.7759495973587036,
  "training_micro_fscore": 0.8172146677970886,
  "training_loss": 0.04204104047029715,
  "training_cpu_memory_MB": 3318.608,
  "training_gpu_0_memory_MB": 2774,
  "training_gpu_1_memory_MB": 4998,
  "training_gpu_2_memory_MB": 7080,
  "training_gpu_3_memory_MB": 11,
  "validation_HL": 0.023925925925925927,
  "validation_R_at_1": 0.37160953879356384,
  "validation_R_at_3": 0.783635675907135,
  "validation_R_at_5": 0.8714286684989929,
  "validation_P_at_1": 0.8399999737739563,
  "validation_P_at_3": 0.6050000190734863,
  "validation_P_at_5": 0.40980005264282227,
  "validation_FBeta_at_1": 0.5103214383125305,
  "validation_FBeta_at_3": 0.6733976602554321,
  "validation_FBeta_at_5": 0.5496998429298401,
  "validation_nDCG_at_1": 0.8399999737739563,
  "validation_nDCG_at_3": 0.8021165728569031,
  "validation_nDCG_at_5": 0.8400329351425171,
  "validation_macro_f1": 0.5519697666168213,
  "validation_micro_precision": 0.7479856610298157,
  "validation_micro_recall": 0.6962500214576721,
  "validation_micro_fscore": 0.7211912274360657,
  "validation_loss": 0.07416407112032175,
  "best_validation_HL": 0.02412962962962963,
  "best_validation_R_at_1": 0.3765595257282257,
  "best_validation_R_at_3": 0.7868452072143555,
  "best_validation_R_at_5": 0.8736214637756348,
  "best_validation_P_at_1": 0.8529999852180481,
  "best_validation_P_at_3": 0.6086666584014893,
  "best_validation_P_at_5": 0.41120001673698425,
  "best_validation_FBeta_at_1": 0.5173547863960266,
  "best_validation_FBeta_at_3": 0.6767643690109253,
  "best_validation_FBeta_at_5": 0.5514086484909058,
  "best_validation_nDCG_at_1": 0.8529999852180481,
  "best_validation_nDCG_at_3": 0.807257890701294,
  "best_validation_nDCG_at_5": 0.8446044921875,
  "best_validation_macro_f1": 0.5652208924293518,
  "best_validation_micro_precision": 0.7369330525398254,
  "best_validation_micro_recall": 0.7108333110809326,
  "best_validation_micro_fscore": 0.723647952079773,
  "best_validation_loss": 0.06960263708606362
}