{
  "best_epoch": 5,
  "peak_cpu_memory_MB": 3318.608,
  "peak_gpu_0_memory_MB": 2774,
  "peak_gpu_1_memory_MB": 4998,
  "peak_gpu_2_memory_MB": 7080,
  "peak_gpu_3_memory_MB": 11,
  "training_duration": "0:39:28.227747",
  "training_start_epoch": 0,
  "training_epochs": 11,
  "epoch": 11,
  "training_HL": 0.014624607891695559,
  "training_R_at_1": 0.4165031313896179,
  "training_R_at_3": 0.8909206986427307,
  "training_R_at_5": 0.9590854644775391,
  "training_P_at_1": 0.9455980658531189,
  "training_P_at_3": 0.6945022344589233,
  "training_P_at_5": 0.45698362588882446,
  "training_FBeta_at_1": 0.572485089302063,
  "training_FBeta_at_3": 0.7690452933311462,
  "training_FBeta_at_5": 0.6095676422119141,
  "training_nDCG_at_1": 0.9455980658531189,
  "training_nDCG_at_3": 0.9133470058441162,
  "training_nDCG_at_5": 0.9390243887901306,
  "training_macro_f1": 0.6518263816833496,
  "training_micro_precision": 0.8710669875144958,
  "training_micro_recall": 0.788590669631958,
  "training_micro_fscore": 0.8277794718742371,
  "training_loss": 0.039830248904660026,
  "training_cpu_memory_MB": 3318.608,
  "training_gpu_0_memory_MB": 2774,
  "training_gpu_1_memory_MB": 4998,
  "training_gpu_2_memory_MB": 7080,
  "training_gpu_3_memory_MB": 11,
  "validation_HL": 0.026166666666666668,
  "validation_R_at_1": 0.3740594983100891,
  "validation_R_at_3": 0.7827453017234802,
  "validation_R_at_5": 0.8649548292160034,
  "validation_P_at_1": 0.847000002861023,
  "validation_P_at_3": 0.6046667098999023,
  "validation_P_at_5": 0.4065999984741211,
  "validation_FBeta_at_1": 0.5138881206512451,
  "validation_FBeta_at_3": 0.6728143095970154,
  "validation_FBeta_at_5": 0.5455038547515869,
  "validation_nDCG_at_1": 0.847000002861023,
  "validation_nDCG_at_3": 0.8025882840156555,
  "validation_nDCG_at_5": 0.8372500538825989,
  "validation_macro_f1": 0.5834241509437561,
  "validation_micro_precision": 0.7006913423538208,
  "validation_micro_recall": 0.7179166674613953,
  "validation_micro_fscore": 0.7091994285583496,
  "validation_loss": 0.07809621561318636,
  "best_validation_HL": 0.02412962962962963,
  "best_validation_R_at_1": 0.3765595257282257,
  "best_validation_R_at_3": 0.7868452072143555,
  "best_validation_R_at_5": 0.8736214637756348,
  "best_validation_P_at_1": 0.8529999852180481,
  "best_validation_P_at_3": 0.6086666584014893,
  "best_validation_P_at_5": 0.41120001673698425,
  "best_validation_FBeta_at_1": 0.5173547863960266,
  "best_validation_FBeta_at_3": 0.6767643690109253,
  "best_validation_FBeta_at_5": 0.5514086484909058,
  "best_validation_nDCG_at_1": 0.8529999852180481,
  "best_validation_nDCG_at_3": 0.807257890701294,
  "best_validation_nDCG_at_5": 0.8446044921875,
  "best_validation_macro_f1": 0.5652208924293518,
  "best_validation_micro_precision": 0.7369330525398254,
  "best_validation_micro_recall": 0.7108333110809326,
  "best_validation_micro_fscore": 0.723647952079773,
  "best_validation_loss": 0.06960263708606362
}