{
  "best_epoch": 1,
  "peak_cpu_memory_MB": 3317.012,
  "peak_gpu_0_memory_MB": 2774,
  "peak_gpu_1_memory_MB": 11,
  "peak_gpu_2_memory_MB": 11,
  "peak_gpu_3_memory_MB": 11,
  "training_duration": "0:05:28.211106",
  "training_start_epoch": 0,
  "training_epochs": 1,
  "epoch": 1,
  "training_HL": 0.027101218975290296,
  "training_R_at_1": 0.3439861834049225,
  "training_R_at_3": 0.7300087213516235,
  "training_R_at_5": 0.8317794799804688,
  "training_P_at_1": 0.7829866409301758,
  "training_P_at_3": 0.5647225975990295,
  "training_P_at_5": 0.39109575748443604,
  "training_FBeta_at_1": 0.4731347858905792,
  "training_FBeta_at_3": 0.6277742981910706,
  "training_FBeta_at_5": 0.524496853351593,
  "training_nDCG_at_1": 0.7829866409301758,
  "training_nDCG_at_3": 0.7461681365966797,
  "training_nDCG_at_5": 0.7910664081573486,
  "training_macro_f1": 0.2766009271144867,
  "training_micro_precision": 0.7934836745262146,
  "training_micro_recall": 0.529819905757904,
  "training_micro_fscore": 0.635384738445282,
  "training_loss": 0.0790113710716473,
  "training_cpu_memory_MB": 3317.012,
  "training_gpu_0_memory_MB": 2774,
  "training_gpu_1_memory_MB": 11,
  "training_gpu_2_memory_MB": 0,
  "training_gpu_3_memory_MB": 11,
  "validation_HL": 0.024666666666666667,
  "validation_R_at_1": 0.36385950446128845,
  "validation_R_at_3": 0.7637953162193298,
  "validation_R_at_5": 0.8550642728805542,
  "validation_P_at_1": 0.8240000009536743,
  "validation_P_at_3": 0.5873333811759949,
  "validation_P_at_5": 0.40139999985694885,
  "validation_FBeta_at_1": 0.4998881220817566,
  "validation_FBeta_at_3": 0.6550945043563843,
  "validation_FBeta_at_5": 0.5387728214263916,
  "validation_nDCG_at_1": 0.8240000009536743,
  "validation_nDCG_at_3": 0.7820292115211487,
  "validation_nDCG_at_5": 0.8228422999382019,
  "validation_macro_f1": 0.37611451745033264,
  "validation_micro_precision": 0.7886486649513245,
  "validation_micro_recall": 0.6079166531562805,
  "validation_micro_fscore": 0.6865882277488708,
  "validation_loss": 0.07072138600051403,
  "best_validation_HL": 0.024666666666666667,
  "best_validation_R_at_1": 0.36385950446128845,
  "best_validation_R_at_3": 0.7637953162193298,
  "best_validation_R_at_5": 0.8550642728805542,
  "best_validation_P_at_1": 0.8240000009536743,
  "best_validation_P_at_3": 0.5873333811759949,
  "best_validation_P_at_5": 0.40139999985694885,
  "best_validation_FBeta_at_1": 0.4998881220817566,
  "best_validation_FBeta_at_3": 0.6550945043563843,
  "best_validation_FBeta_at_5": 0.5387728214263916,
  "best_validation_nDCG_at_1": 0.8240000009536743,
  "best_validation_nDCG_at_3": 0.7820292115211487,
  "best_validation_nDCG_at_5": 0.8228422999382019,
  "best_validation_macro_f1": 0.37611451745033264,
  "best_validation_micro_precision": 0.7886486649513245,
  "best_validation_micro_recall": 0.6079166531562805,
  "best_validation_micro_fscore": 0.6865882277488708,
  "best_validation_loss": 0.07072138600051403
}