{
  "best_epoch": 5,
  "peak_cpu_memory_MB": 3318.608,
  "peak_gpu_0_memory_MB": 2774,
  "peak_gpu_1_memory_MB": 4998,
  "peak_gpu_2_memory_MB": 7080,
  "peak_gpu_3_memory_MB": 11,
  "training_duration": "0:18:09.847086",
  "training_start_epoch": 0,
  "training_epochs": 5,
  "epoch": 5,
  "training_HL": 0.01995865665070717,
  "training_R_at_1": 0.3926026225090027,
  "training_R_at_3": 0.8330404162406921,
  "training_R_at_5": 0.9175403118133545,
  "training_P_at_1": 0.8921990990638733,
  "training_P_at_3": 0.6471026539802551,
  "training_P_at_5": 0.4350408911705017,
  "training_FBeta_at_1": 0.5397629737854004,
  "training_FBeta_at_3": 0.7178153991699219,
  "training_FBeta_at_5": 0.5814492702484131,
  "training_nDCG_at_1": 0.8921990990638733,
  "training_nDCG_at_3": 0.8534455895423889,
  "training_nDCG_at_5": 0.8883846402168274,
  "training_macro_f1": 0.5058635473251343,
  "training_micro_precision": 0.8315708637237549,
  "training_micro_recall": 0.6924323439598083,
  "training_micro_fscore": 0.7556500434875488,
  "training_loss": 0.055083209803580106,
  "training_cpu_memory_MB": 3318.608,
  "training_gpu_0_memory_MB": 2774,
  "training_gpu_1_memory_MB": 4998,
  "training_gpu_2_memory_MB": 7080,
  "training_gpu_3_memory_MB": 11,
  "validation_HL": 0.02412962962962963,
  "validation_R_at_1": 0.3765595257282257,
  "validation_R_at_3": 0.7868452072143555,
  "validation_R_at_5": 0.8736214637756348,
  "validation_P_at_1": 0.8529999852180481,
  "validation_P_at_3": 0.6086666584014893,
  "validation_P_at_5": 0.41120001673698425,
  "validation_FBeta_at_1": 0.5173547863960266,
  "validation_FBeta_at_3": 0.6767643690109253,
  "validation_FBeta_at_5": 0.5514086484909058,
  "validation_nDCG_at_1": 0.8529999852180481,
  "validation_nDCG_at_3": 0.807257890701294,
  "validation_nDCG_at_5": 0.8446044921875,
  "validation_macro_f1": 0.5652208924293518,
  "validation_micro_precision": 0.7369330525398254,
  "validation_micro_recall": 0.7108333110809326,
  "validation_micro_fscore": 0.723647952079773,
  "validation_loss": 0.06960263708606362,
  "best_validation_HL": 0.02412962962962963,
  "best_validation_R_at_1": 0.3765595257282257,
  "best_validation_R_at_3": 0.7868452072143555,
  "best_validation_R_at_5": 0.8736214637756348,
  "best_validation_P_at_1": 0.8529999852180481,
  "best_validation_P_at_3": 0.6086666584014893,
  "best_validation_P_at_5": 0.41120001673698425,
  "best_validation_FBeta_at_1": 0.5173547863960266,
  "best_validation_FBeta_at_3": 0.6767643690109253,
  "best_validation_FBeta_at_5": 0.5514086484909058,
  "best_validation_nDCG_at_1": 0.8529999852180481,
  "best_validation_nDCG_at_3": 0.807257890701294,
  "best_validation_nDCG_at_5": 0.8446044921875,
  "best_validation_macro_f1": 0.5652208924293518,
  "best_validation_micro_precision": 0.7369330525398254,
  "best_validation_micro_recall": 0.7108333110809326,
  "best_validation_micro_fscore": 0.723647952079773,
  "best_validation_loss": 0.06960263708606362
}