{
  "best_epoch": 5,
  "peak_cpu_memory_MB": 3318.608,
  "peak_gpu_0_memory_MB": 2774,
  "peak_gpu_1_memory_MB": 4998,
  "peak_gpu_2_memory_MB": 7080,
  "peak_gpu_3_memory_MB": 11,
  "training_duration": "0:42:03.912938",
  "training_start_epoch": 0,
  "training_epochs": 12,
  "epoch": 12,
  "training_HL": 0.014062585988663254,
  "training_R_at_1": 0.41864335536956787,
  "training_R_at_3": 0.8967730402946472,
  "training_R_at_5": 0.9626505374908447,
  "training_P_at_1": 0.9499814510345459,
  "training_P_at_3": 0.699355959892273,
  "training_P_at_5": 0.45892271399497986,
  "training_FBeta_at_1": 0.5753580331802368,
  "training_FBeta_at_3": 0.7742867469787598,
  "training_FBeta_at_5": 0.6120231747627258,
  "training_nDCG_at_1": 0.9499814510345459,
  "training_nDCG_at_3": 0.9191349148750305,
  "training_nDCG_at_5": 0.9435713291168213,
  "training_macro_f1": 0.6667563319206238,
  "training_micro_precision": 0.8752040863037109,
  "training_micro_recall": 0.7983068227767944,
  "training_micro_fscore": 0.8349887728691101,
  "training_loss": 0.03819079060470265,
  "training_cpu_memory_MB": 3318.608,
  "training_gpu_0_memory_MB": 2774,
  "training_gpu_1_memory_MB": 4998,
  "training_gpu_2_memory_MB": 7080,
  "training_gpu_3_memory_MB": 11,
  "validation_HL": 0.026796296296296297,
  "validation_R_at_1": 0.3703095316886902,
  "validation_R_at_3": 0.791028618812561,
  "validation_R_at_5": 0.8699643015861511,
  "validation_P_at_1": 0.8379999995231628,
  "validation_P_at_3": 0.6113333702087402,
  "validation_P_at_5": 0.40960001945495605,
  "validation_FBeta_at_1": 0.5086548328399658,
  "validation_FBeta_at_3": 0.6800833940505981,
  "validation_FBeta_at_5": 0.5491125583648682,
  "validation_nDCG_at_1": 0.8379999995231628,
  "validation_nDCG_at_3": 0.805742621421814,
  "validation_nDCG_at_5": 0.8388682007789612,
  "validation_macro_f1": 0.5987131595611572,
  "validation_micro_precision": 0.6854807138442993,
  "validation_micro_recall": 0.7337499856948853,
  "validation_micro_fscore": 0.7087945342063904,
  "validation_loss": 0.07960453443229198,
  "best_validation_HL": 0.02412962962962963,
  "best_validation_R_at_1": 0.3765595257282257,
  "best_validation_R_at_3": 0.7868452072143555,
  "best_validation_R_at_5": 0.8736214637756348,
  "best_validation_P_at_1": 0.8529999852180481,
  "best_validation_P_at_3": 0.6086666584014893,
  "best_validation_P_at_5": 0.41120001673698425,
  "best_validation_FBeta_at_1": 0.5173547863960266,
  "best_validation_FBeta_at_3": 0.6767643690109253,
  "best_validation_FBeta_at_5": 0.5514086484909058,
  "best_validation_nDCG_at_1": 0.8529999852180481,
  "best_validation_nDCG_at_3": 0.807257890701294,
  "best_validation_nDCG_at_5": 0.8446044921875,
  "best_validation_macro_f1": 0.5652208924293518,
  "best_validation_micro_precision": 0.7369330525398254,
  "best_validation_micro_recall": 0.7108333110809326,
  "best_validation_micro_fscore": 0.723647952079773,
  "best_validation_loss": 0.06960263708606362
}