{
  "best_epoch": 5,
  "peak_cpu_memory_MB": 3318.608,
  "peak_gpu_0_memory_MB": 2774,
  "peak_gpu_1_memory_MB": 4998,
  "peak_gpu_2_memory_MB": 7080,
  "peak_gpu_3_memory_MB": 11,
  "training_duration": "0:30:59.871685",
  "training_start_epoch": 0,
  "training_epochs": 8,
  "epoch": 8,
  "training_HL": 0.017059806835066863,
  "training_R_at_1": 0.40660038590431213,
  "training_R_at_3": 0.8655803203582764,
  "training_R_at_5": 0.9415885806083679,
  "training_P_at_1": 0.9234212636947632,
  "training_P_at_3": 0.6739783883094788,
  "training_P_at_5": 0.44770827889442444,
  "training_FBeta_at_1": 0.5589148998260498,
  "training_FBeta_at_3": 0.746749758720398,
  "training_FBeta_at_5": 0.5976870059967041,
  "training_nDCG_at_1": 0.9234212636947632,
  "training_nDCG_at_3": 0.8874472379684448,
  "training_nDCG_at_5": 0.917493462562561,
  "training_macro_f1": 0.5862470269203186,
  "training_micro_precision": 0.851887047290802,
  "training_micro_recall": 0.7471252679824829,
  "training_micro_fscore": 0.7960742712020874,
  "training_loss": 0.04663695385259291,
  "training_cpu_memory_MB": 3318.608,
  "training_gpu_0_memory_MB": 2774,
  "training_gpu_1_memory_MB": 4998,
  "training_gpu_2_memory_MB": 7080,
  "training_gpu_3_memory_MB": 11,
  "validation_HL": 0.023425925925925926,
  "validation_R_at_1": 0.3769095540046692,
  "validation_R_at_3": 0.7890286445617676,
  "validation_R_at_5": 0.8668452501296997,
  "validation_P_at_1": 0.8519999980926514,
  "validation_P_at_3": 0.6100000143051147,
  "validation_P_at_5": 0.4065999984741211,
  "validation_FBeta_at_1": 0.5176547169685364,
  "validation_FBeta_at_3": 0.6784834265708923,
  "validation_FBeta_at_5": 0.5459697246551514,
  "validation_nDCG_at_1": 0.8519999980926514,
  "validation_nDCG_at_3": 0.8094790577888489,
  "validation_nDCG_at_5": 0.8414567708969116,
  "validation_macro_f1": 0.5310751795768738,
  "validation_micro_precision": 0.7638307809829712,
  "validation_micro_recall": 0.684583306312561,
  "validation_micro_fscore": 0.7220391631126404,
  "validation_loss": 0.07165507972240448,
  "best_validation_HL": 0.02412962962962963,
  "best_validation_R_at_1": 0.3765595257282257,
  "best_validation_R_at_3": 0.7868452072143555,
  "best_validation_R_at_5": 0.8736214637756348,
  "best_validation_P_at_1": 0.8529999852180481,
  "best_validation_P_at_3": 0.6086666584014893,
  "best_validation_P_at_5": 0.41120001673698425,
  "best_validation_FBeta_at_1": 0.5173547863960266,
  "best_validation_FBeta_at_3": 0.6767643690109253,
  "best_validation_FBeta_at_5": 0.5514086484909058,
  "best_validation_nDCG_at_1": 0.8529999852180481,
  "best_validation_nDCG_at_3": 0.807257890701294,
  "best_validation_nDCG_at_5": 0.8446044921875,
  "best_validation_macro_f1": 0.5652208924293518,
  "best_validation_micro_precision": 0.7369330525398254,
  "best_validation_micro_recall": 0.7108333110809326,
  "best_validation_micro_fscore": 0.723647952079773,
  "best_validation_loss": 0.06960263708606362
}