{
  "best_epoch": 5,
  "peak_cpu_memory_MB": 3318.608,
  "peak_gpu_0_memory_MB": 2774,
  "peak_gpu_1_memory_MB": 4998,
  "peak_gpu_2_memory_MB": 7080,
  "peak_gpu_3_memory_MB": 11,
  "training_duration": "0:53:08.739693",
  "training_start_epoch": 0,
  "training_epochs": 15,
  "epoch": 15,
  "training_HL": 0.012465604534698145,
  "training_R_at_1": 0.4238450229167938,
  "training_R_at_3": 0.911217212677002,
  "training_R_at_5": 0.9708335995674133,
  "training_P_at_1": 0.9614598751068115,
  "training_P_at_3": 0.7113050818443298,
  "training_P_at_5": 0.4634101092815399,
  "training_FBeta_at_1": 0.5824576616287231,
  "training_FBeta_at_3": 0.7871562242507935,
  "training_FBeta_at_5": 0.6176912188529968,
  "training_nDCG_at_1": 0.9614598751068115,
  "training_nDCG_at_3": 0.9338843822479248,
  "training_nDCG_at_5": 0.954886794090271,
  "training_macro_f1": 0.7158989310264587,
  "training_micro_precision": 0.8859347105026245,
  "training_micro_recall": 0.8267530202865601,
  "training_micro_fscore": 0.8553213477134705,
  "training_loss": 0.03371209285339239,
  "training_cpu_memory_MB": 3318.608,
  "training_gpu_0_memory_MB": 2774,
  "training_gpu_1_memory_MB": 4998,
  "training_gpu_2_memory_MB": 7080,
  "training_gpu_3_memory_MB": 11,
  "validation_HL": 0.026074074074074072,
  "validation_R_at_1": 0.36555954813957214,
  "validation_R_at_3": 0.7763286232948303,
  "validation_R_at_5": 0.8639452457427979,
  "validation_P_at_1": 0.828000009059906,
  "validation_P_at_3": 0.6003333926200867,
  "validation_P_at_5": 0.4066000282764435,
  "validation_FBeta_at_1": 0.5021880865097046,
  "validation_FBeta_at_3": 0.6676048040390015,
  "validation_FBeta_at_5": 0.5452522039413452,
  "validation_nDCG_at_1": 0.828000009059906,
  "validation_nDCG_at_3": 0.7938783168792725,
  "validation_nDCG_at_5": 0.831274151802063,
  "validation_macro_f1": 0.5713874101638794,
  "validation_micro_precision": 0.702118992805481,
  "validation_micro_recall": 0.7179166674613953,
  "validation_micro_fscore": 0.7099300026893616,
  "validation_loss": 0.08526646811515093,
  "best_validation_HL": 0.02412962962962963,
  "best_validation_R_at_1": 0.3765595257282257,
  "best_validation_R_at_3": 0.7868452072143555,
  "best_validation_R_at_5": 0.8736214637756348,
  "best_validation_P_at_1": 0.8529999852180481,
  "best_validation_P_at_3": 0.6086666584014893,
  "best_validation_P_at_5": 0.41120001673698425,
  "best_validation_FBeta_at_1": 0.5173547863960266,
  "best_validation_FBeta_at_3": 0.6767643690109253,
  "best_validation_FBeta_at_5": 0.5514086484909058,
  "best_validation_nDCG_at_1": 0.8529999852180481,
  "best_validation_nDCG_at_3": 0.807257890701294,
  "best_validation_nDCG_at_5": 0.8446044921875,
  "best_validation_macro_f1": 0.5652208924293518,
  "best_validation_micro_precision": 0.7369330525398254,
  "best_validation_micro_recall": 0.7108333110809326,
  "best_validation_micro_fscore": 0.723647952079773,
  "best_validation_loss": 0.06960263708606362
}