{
  "best_epoch": 2,
  "peak_cpu_memory_MB": 3317.652,
  "peak_gpu_0_memory_MB": 2774,
  "peak_gpu_1_memory_MB": 11,
  "peak_gpu_2_memory_MB": 11,
  "peak_gpu_3_memory_MB": 11,
  "training_duration": "0:08:18.883139",
  "training_start_epoch": 0,
  "training_epochs": 2,
  "epoch": 2,
  "training_HL": 0.02430486764624952,
  "training_R_at_1": 0.3668593168258667,
  "training_R_at_3": 0.7761459946632385,
  "training_R_at_5": 0.8731957674026489,
  "training_P_at_1": 0.8338410258293152,
  "training_P_at_3": 0.6008542776107788,
  "training_P_at_5": 0.41170498728752136,
  "training_FBeta_at_1": 0.5044143199920654,
  "training_FBeta_at_3": 0.6676999926567078,
  "training_FBeta_at_5": 0.5515247583389282,
  "training_nDCG_at_1": 0.8338410258293152,
  "training_nDCG_at_3": 0.7942001223564148,
  "training_nDCG_at_5": 0.8364257216453552,
  "training_macro_f1": 0.3796916604042053,
  "training_micro_precision": 0.8034259080886841,
  "training_micro_recall": 0.6019462943077087,
  "training_micro_fscore": 0.6882436871528625,
  "training_loss": 0.0684967031989981,
  "training_cpu_memory_MB": 3317.652,
  "training_gpu_0_memory_MB": 2774,
  "training_gpu_1_memory_MB": 11,
  "training_gpu_2_memory_MB": 11,
  "training_gpu_3_memory_MB": 11,
  "validation_HL": 0.02440740740740741,
  "validation_R_at_1": 0.3708595335483551,
  "validation_R_at_3": 0.7792452573776245,
  "validation_R_at_5": 0.8705642819404602,
  "validation_P_at_1": 0.8410000205039978,
  "validation_P_at_3": 0.6010000109672546,
  "validation_P_at_5": 0.409000039100647,
  "validation_FBeta_at_1": 0.5097214579582214,
  "validation_FBeta_at_3": 0.6692999601364136,
  "validation_FBeta_at_5": 0.5488077998161316,
  "validation_nDCG_at_1": 0.8410000205039978,
  "validation_nDCG_at_3": 0.7974262237548828,
  "validation_nDCG_at_5": 0.837620735168457,
  "validation_macro_f1": 0.4339245557785034,
  "validation_micro_precision": 0.772681474685669,
  "validation_micro_recall": 0.6387500166893005,
  "validation_micro_fscore": 0.6993613243103027,
  "validation_loss": 0.06778952945023775,
  "best_validation_HL": 0.02440740740740741,
  "best_validation_R_at_1": 0.3708595335483551,
  "best_validation_R_at_3": 0.7792452573776245,
  "best_validation_R_at_5": 0.8705642819404602,
  "best_validation_P_at_1": 0.8410000205039978,
  "best_validation_P_at_3": 0.6010000109672546,
  "best_validation_P_at_5": 0.409000039100647,
  "best_validation_FBeta_at_1": 0.5097214579582214,
  "best_validation_FBeta_at_3": 0.6692999601364136,
  "best_validation_FBeta_at_5": 0.5488077998161316,
  "best_validation_nDCG_at_1": 0.8410000205039978,
  "best_validation_nDCG_at_3": 0.7974262237548828,
  "best_validation_nDCG_at_5": 0.837620735168457,
  "best_validation_macro_f1": 0.4339245557785034,
  "best_validation_micro_precision": 0.772681474685669,
  "best_validation_micro_recall": 0.6387500166893005,
  "best_validation_micro_fscore": 0.6993613243103027,
  "best_validation_loss": 0.06778952945023775
}